file,preset_name,preset_type,category,alpha_mode,alpha_formula,depth_mode,depth_formula,mode_pair,k_alpha,p_alpha,k_depth,color_family,brightness,color_r,color_g,color_b,color_status,color_source_count,default_color_count,color_fields
MeshPreset_BardBaseTrail0_0.json,MeshPreset_BardBaseTrail0_0,mesh,dark,0,Pow,1,Exp,Pow + Exp,6.0,1.7999999523162842,2.5,texture_or_default,unknown,,,,engine_default_or_texture,0,6,
MeshPreset_BardBaseTrail1_0.json,MeshPreset_BardBaseTrail1_0,mesh,fire,0,Pow,0,None,Pow + None,6.0,1.7999999523162842,2.5,texture_or_default,unknown,,,,engine_default_or_texture,0,2,
MeshPreset_BardMelodyShock0_0.json,MeshPreset_BardMelodyShock0_0,mesh,lightning,0,Pow,1,Exp,Pow + Exp,6.0,1.7999999523162842,2.5,texture_or_default,unknown,,,,engine_default_or_texture,0,6,
MeshPreset_BardMelodyShock1_0.json,MeshPreset_BardMelodyShock1_0,mesh,lightning,0,Pow,0,None,Pow + None,6.0,1.7999999523162842,2.5,texture_or_default,unknown,,,,engine_default_or_texture,0,6,
MeshPreset_BardMelodyShock1_1.json,MeshPreset_BardMelodyShock1_1,mesh,lightning,0,Pow,0,None,Pow + None,6.0,1.7999999523162842,2.5,texture_or_default,unknown,,,,engine_default_or_texture,0,6,
MeshPreset_BardMelodyShock1_2.json,MeshPreset_BardMelodyShock1_2,mesh,lightning,0,Pow,0,None,Pow + None,6.0,1.7999999523162842,2.5,texture_or_default,unknown,,,,engine_default_or_texture,0,2,
MeshPreset_BardMelodyShockTrail0_0.json,MeshPreset_BardMelodyShockTrail0_0,mesh,lightning,0,Pow,0,None,Pow + None,7.599999904632568,0.10000000149011612,1.399999976158142,texture_or_default,unknown,,,,engine_default_or_texture,0,3,
MeshPreset_BardPlayMusic_0.json,MeshPreset_BardPlayMusic_0,mesh,magic_circle,0,Pow,1,Exp,Pow + Exp,10.5,0.10000000149011612,1.7000000476837158,texture_or_default,unknown,,,,engine_default_or_texture,0,8,
MeshPreset_BardShockWave0_0.json,MeshPreset_BardShockWave0_0,mesh,lightning,0,Pow,1,Exp,Pow + Exp,6.0,1.7999999523162842,2.5,texture_or_default,unknown,,,,engine_default_or_texture,0,9,
MeshPreset_BardShockWave0_1.json,MeshPreset_BardShockWave0_1,mesh,lightning,0,Pow,1,Exp,Pow + Exp,6.0,1.7999999523162842,2.5,texture_or_default,unknown,,,,engine_default_or_texture,0,9,
MeshPreset_BardShockWave0_2.json,MeshPreset_BardShockWave0_2,mesh,lightning,0,Pow,1,Exp,Pow + Exp,6.0,1.7999999523162842,2.5,texture_or_default,unknown,,,,engine_default_or_texture,0,9,
MeshPreset_BattleSymphony0_0.json,MeshPreset_BattleSymphony0_0,mesh,music,0,Pow,1,Exp,Pow + Exp,0.6000000238418579,15.300000190734863,1.7000000476837158,texture_or_default,unknown,,,,engine_default_or_texture,0,6,
MeshPreset_BattleSymphony0_2.json,MeshPreset_BattleSymphony0_2,mesh,music,0,Pow,0,None,Pow + None,6.0,1.7999999523162842,2.5,blue,mid,0.1823529452085495,0.27450981736183167,0.5,custom_json,2,5,BloomColorPerMesh;GradientBrightColors
MeshPreset_BattleSymphony1_0.json,MeshPreset_BattleSymphony1_0,mesh,magic_circle,0,Pow,1,Exp,Pow + Exp,6.0,1.7999999523162842,2.5,texture_or_default,unknown,,,,engine_default_or_texture,0,9,
MeshPreset_BattleSymphony1_1.json,MeshPreset_BattleSymphony1_1,mesh,magic_circle,0,Pow,1,Exp,Pow + Exp,6.0,1.7999999523162842,2.5,texture_or_default,unknown,,,,engine_default_or_texture,0,9,
MeshPreset_BattleSymphony1_10.json,MeshPreset_BattleSymphony1_10,mesh,magic_circle,0,Pow,1,Exp,Pow + Exp,6.0,1.7999999523162842,2.5,texture_or_default,unknown,,,,engine_default_or_texture,0,7,
MeshPreset_BattleSymphony1_2.json,MeshPreset_BattleSymphony1_2,mesh,magic_circle,0,Pow,1,Exp,Pow + Exp,6.0,1.7999999523162842,2.5,texture_or_default,unknown,,,,engine_default_or_texture,0,9,
MeshPreset_BattleSymphony1_3.json,MeshPreset_BattleSymphony1_3,mesh,magic_circle,0,Pow,0,None,Pow + None,2.799999952316284,0.800000011920929,2.5,texture_or_default,unknown,,,,engine_default_or_texture,0,9,
MeshPreset_BattleSymphony1_4.json,MeshPreset_BattleSymphony1_4,mesh,music,0,Pow,1,Exp,Pow + Exp,0.6000000238418579,1.7000000476837158,2.5,texture_or_default,unknown,,,,engine_default_or_texture,0,2,
MeshPreset_BattleSymphony1_5.json,MeshPreset_BattleSymphony1_5,mesh,music,0,Pow,1,Exp,Pow + Exp,0.6000000238418579,1.7000000476837158,2.5,texture_or_default,unknown,,,,engine_default_or_texture,0,2,
MeshPreset_BattleSymphony1_6.json,MeshPreset_BattleSymphony1_6,mesh,music,0,Pow,1,Exp,Pow + Exp,0.6000000238418579,1.7000000476837158,2.5,texture_or_default,unknown,,,,engine_default_or_texture,0,2,
MeshPreset_BattleSymphony1_7.json,MeshPreset_BattleSymphony1_7,mesh,music,0,Pow,1,Exp,Pow + Exp,0.6000000238418579,1.7999999523162842,2.5,texture_or_default,unknown,,,,engine_default_or_texture,0,6,
MeshPreset_BattleSymphony1_8.json,MeshPreset_BattleSymphony1_8,mesh,magic_circle,0,Pow,1,Exp,Pow + Exp,6.0,1.7999999523162842,2.5,texture_or_default,unknown,,,,engine_default_or_texture,0,9,
MeshPreset_BattleSymphony1_9.json,MeshPreset_BattleSymphony1_9,mesh,magic_circle,0,Pow,1,Exp,Pow + Exp,6.0,1.7999999523162842,2.5,texture_or_default,unknown,,,,engine_default_or_texture,0,9,
MeshPreset_BattleSymphony3_0.json,MeshPreset_BattleSymphony3_0,mesh,magic_circle,0,Pow,0,None,Pow + None,6.0,1.7999999523162842,2.5,texture_or_default,unknown,,,,engine_default_or_texture,0,7,
MeshPreset_BattleSymphony3_1.json,MeshPreset_BattleSymphony3_1,mesh,magic_circle,0,Pow,0,None,Pow + None,6.0,1.7999999523162842,2.5,texture_or_default,unknown,,,,engine_default_or_texture,0,3,
MeshPreset_BattleSymphony3_2.json,MeshPreset_BattleSymphony3_2,mesh,wind,0,Pow,0,None,Pow + None,6.0,1.7999999523162842,2.5,texture_or_default,unknown,,,,engine_default_or_texture,0,6,
MeshPreset_CoinEffect0_0.json,MeshPreset_CoinEffect0_0,mesh,other,0,Pow,1,Exp,Pow + Exp,6.0,1.7999999523162842,2.5,orange,bright,1.0,0.8640522956848145,0.5973856250445048,custom_json,3,6,TrailUnits.BloomColor;TrailUnits.EndColor;TrailUnits.StartColor
MeshPreset_ColhenEntrance0_0.json,MeshPreset_ColhenEntrance0_0,mesh,holy_light,0,Pow,0,None,Pow + None,6.0,1.7999999523162842,2.5,texture_or_default,unknown,,,,engine_default_or_texture,0,7,
MeshPreset_DiggerPoisonAttack0_0.json,MeshPreset_DiggerPoisonAttack0_0,mesh,other,0,Pow,1,Exp,Pow + Exp,6.0,1.7000000476837158,2.5,green,mid,0.0,0.5714285714285714,0.0,custom_json,7,4,BloomColorPerMesh;GradientBrightColors;TrailUnits.BloomColor;TrailUnits.EndColor;TrailUnits.StartColor
MeshPreset_DiggerSwipeAttack0_0.json,MeshPreset_DiggerSwipeAttack0_0,mesh,dark,0,Pow,0,None,Pow + None,6.0,1.7999999523162842,2.5,texture_or_default,unknown,,,,engine_default_or_texture,0,6,
MeshPreset_DiggerSwipeAttack0_1.json,MeshPreset_DiggerSwipeAttack0_1,mesh,dark,0,Pow,0,None,Pow + None,6.0,1.7999999523162842,2.5,texture_or_default,unknown,,,,engine_default_or_texture,0,6,
MeshPreset_DropCoin0_0.json,MeshPreset_DropCoin0_0,mesh,other,0,Pow,0,None,Pow + None,30.0,0.10000000149011612,0.0,texture_or_default,unknown,,,,engine_default_or_texture,0,6,
MeshPreset_DropCoin1_0.json,MeshPreset_DropCoin1_0,mesh,other,0,Pow,0,None,Pow + None,30.0,0.10000000149011612,0.0,texture_or_default,unknown,,,,engine_default_or_texture,0,2,
MeshPreset_DropCoin2_0.json,MeshPreset_DropCoin2_0,mesh,other,0,Pow,0,None,Pow + None,30.0,0.10000000149011612,0.0,texture_or_default,unknown,,,,engine_default_or_texture,0,2,
MeshPreset_Egg0_0.json,MeshPreset_Egg0_0,mesh,music,0,Pow,0,None,Pow + None,6.0,0.10000000149011612,2.5,white,bright,1.0,1.0,1.0,custom_json,1,5,GradientBrightColors
MeshPreset_EmotionQuestion0_0.json,MeshPreset_EmotionQuestion0_0,mesh,other,0,Pow,0,None,Pow + None,6.0,1.7999999523162842,2.5,texture_or_default,unknown,,,,engine_default_or_texture,0,6,
MeshPreset_EmotionSurprise0_0.json,MeshPreset_EmotionSurprise0_0,mesh,other,0,Pow,0,None,Pow + None,6.0,1.7999999523162842,2.5,texture_or_default,unknown,,,,engine_default_or_texture,0,6,
MeshPreset_GargoyleDefaultAttack0_0.json,MeshPreset_GargoyleDefaultAttack0_0,mesh,slash_trail,0,Pow,1,Exp,Pow + Exp,6.0,1.7999999523162842,2.5,black,dark,0.0,0.0,0.0,custom_json,2,2,BloomColorPerMesh
MeshPreset_GargoyleRushshockwave0_0.json,MeshPreset_GargoyleRushshockwave0_0,mesh,lightning,0,Pow,1,Exp,Pow + Exp,24.0,0.10000000149011612,2.5,texture_or_default,unknown,,,,engine_default_or_texture,0,9,
MeshPreset_GargoyleRushTrail0_0.json,MeshPreset_GargoyleRushTrail0_0,mesh,holy_light,0,Pow,1,Exp,Pow + Exp,6.0,1.7999999523162842,2.5,black,dark,0.0,0.0,0.0,custom_json,2,6,BloomColorPerMesh
MeshPreset_GhostArcherArrow0_0.json,MeshPreset_GhostArcherArrow0_0,mesh,dark,0,Pow,1,Exp,Pow + Exp,6.0,1.7999999523162842,2.5,white,bright,1.0,1.0,1.0,custom_json,3,9,TrailUnits.BloomColor;TrailUnits.EndColor;TrailUnits.StartColor
MeshPreset_GhostArcherShot0_0.json,MeshPreset_GhostArcherShot0_0,mesh,dark,0,Pow,1,Exp,Pow + Exp,6.0,1.7999999523162842,2.5,texture_or_default,unknown,,,,engine_default_or_texture,0,6,
MeshPreset_GhostArcherShot0_1.json,MeshPreset_GhostArcherShot0_1,mesh,dark,0,Pow,1,Exp,Pow + Exp,6.0,1.7999999523162842,2.5,texture_or_default,unknown,,,,engine_default_or_texture,0,7,
MeshPreset_GhostArmorDefaultAttack0_0.json,MeshPreset_GhostArmorDefaultAttack0_0,mesh,dark,0,Pow,1,Exp,Pow + Exp,6.0,1.7999999523162842,2.5,texture_or_default,unknown,,,,engine_default_or_texture,0,6,
MeshPreset_GhostArmorShield0_0.json,MeshPreset_GhostArmorShield0_0,mesh,dark,0,Pow,0,None,Pow + None,30.0,0.10000000149011612,2.5,gray,mid,0.47058823704719543,0.47058823704719543,0.47058823704719543,custom_json,1,6,GradientDarkColors
MeshPreset_GhostArmorShieldBash0_0.json,MeshPreset_GhostArmorShieldBash0_0,mesh,dark,0,Pow,1,Exp,Pow + Exp,6.0,0.10000000149011612,2.5,texture_or_default,unknown,,,,engine_default_or_texture,0,6,
MeshPreset_GhostPriestBaseAttack0_0.json,MeshPreset_GhostPriestBaseAttack0_0,mesh,dark,0,Pow,1,Exp,Pow + Exp,6.0,1.7999999523162842,2.5,green,bright,0.2450980395078659,1.0,0.2450980395078659,custom_json,2,7,GradientBrightColors;GradientDarkColors
MeshPreset_GhostPriestTearingScream0_0.json,MeshPreset_GhostPriestTearingScream0_0,mesh,dark,1,LinExp,0,None,LinExp + None,7.199999809265137,0.0,0.0,red,dark,0.36764705926179886,0.12745098769664764,0.06470588594675064,custom_json,4,4,BloomColorPerMesh;GradientBrightColors;GradientDarkColors
MeshPreset_GhostPriestTearingScream0_1.json,MeshPreset_GhostPriestTearingScream0_1,mesh,dark,0,Pow,1,Exp,Pow + Exp,6.0,1.7999999523162842,2.5,red,dark,0.47058823704719543,0.0,0.0,custom_json,1,4,GradientBrightColors
MeshPreset_GhostPriestTearingScream0_2.json,MeshPreset_GhostPriestTearingScream0_2,mesh,dark,0,Pow,1,Exp,Pow + Exp,6.0,1.5,2.5,texture_or_default,unknown,,,,engine_default_or_texture,0,9,
MeshPreset_GlasGavelenDefaultAttack0_0.json,MeshPreset_GlasGavelenDefaultAttack0_0,mesh,boss,0,Pow,0,None,Pow + None,6.0,0.10000000149011612,2.5,texture_or_default,unknown,,,,engine_default_or_texture,0,7,
MeshPreset_GlasGavelenDefaultAttack0_1.json,MeshPreset_GlasGavelenDefaultAttack0_1,mesh,magic_circle,0,Pow,1,Exp,Pow + Exp,6.0,0.10000000149011612,2.5,texture_or_default,unknown,,,,engine_default_or_texture,0,9,
MeshPreset_GlasGavelenDefaultAttack1_0.json,MeshPreset_GlasGavelenDefaultAttack1_0,mesh,boss,0,Pow,0,None,Pow + None,6.0,0.10000000149011612,2.5,texture_or_default,unknown,,,,engine_default_or_texture,0,7,
MeshPreset_GlasGavelenDefaultAttack1_1.json,MeshPreset_GlasGavelenDefaultAttack1_1,mesh,magic_circle,0,Pow,1,Exp,Pow + Exp,6.0,0.10000000149011612,2.5,texture_or_default,unknown,,,,engine_default_or_texture,0,2,
MeshPreset_GlasGavelenDefaultAttack2_0.json,MeshPreset_GlasGavelenDefaultAttack2_0,mesh,boss,1,LinExp,0,None,LinExp + None,6.0,1.2000000476837158,2.5,orange,mid,1.0,0.6078431606292725,0.0,custom_json,1,4,GradientBrightColors
MeshPreset_GlasGavelenDefaultAttack2_1.json,MeshPreset_GlasGavelenDefaultAttack2_1,mesh,magic_circle,0,Pow,1,Exp,Pow + Exp,6.0,0.10000000149011612,2.5,texture_or_default,unknown,,,,engine_default_or_texture,0,9,
MeshPreset_GlasGavelenDefaultAttackTrail0_0.json,MeshPreset_GlasGavelenDefaultAttackTrail0_0,mesh,slash_trail,0,Pow,0,None,Pow + None,6.0,0.10000000149011612,2.5,texture_or_default,unknown,,,,engine_default_or_texture,0,6,
MeshPreset_GlasGavelenDefaultAttackTrail1_0.json,MeshPreset_GlasGavelenDefaultAttackTrail1_0,mesh,slash_trail,0,Pow,0,None,Pow + None,6.0,0.10000000149011612,2.5,texture_or_default,unknown,,,,engine_default_or_texture,0,6,
MeshPreset_GlasGavelenDefaultAttackTrail2_0.json,MeshPreset_GlasGavelenDefaultAttackTrail2_0,mesh,wind,0,Pow,1,Exp,Pow + Exp,6.0,1.399999976158142,2.5,texture_or_default,unknown,,,,engine_default_or_texture,0,6,
MeshPreset_GlasGavelenDefaultAttackTrail3_0.json,MeshPreset_GlasGavelenDefaultAttackTrail3_0,mesh,magic_circle,0,Pow,1,Exp,Pow + Exp,6.0,1.399999976158142,2.5,texture_or_default,unknown,,,,engine_default_or_texture,0,6,
MeshPreset_GlasGavelenDoombrand0_0.json,MeshPreset_GlasGavelenDoombrand0_0,mesh,dark,0,Pow,0,None,Pow + None,6.0,0.10000000149011612,2.5,black,dark,0.0,0.0,0.0,custom_json,3,9,BloomColorPerMesh
MeshPreset_GlasGavelenEarthSlice0_0.json,MeshPreset_GlasGavelenEarthSlice0_0,mesh,ice,0,Pow,1,Exp,Pow + Exp,6.0,1.7999999523162842,2.5,black,dark,0.0,0.0,0.0,custom_json,3,6,BloomColorPerMesh
MeshPreset_GlasGavelenEarthSlice0_1.json,MeshPreset_GlasGavelenEarthSlice0_1,mesh,ice,0,Pow,1,Exp,Pow + Exp,6.0,2.4000000953674316,2.5,texture_or_default,unknown,,,,engine_default_or_texture,0,9,
MeshPreset_GlasGavelenEarthSlice0_2.json,MeshPreset_GlasGavelenEarthSlice0_2,mesh,ice,0,Pow,1,Exp,Pow + Exp,6.0,2.4000000953674316,2.5,texture_or_default,unknown,,,,engine_default_or_texture,0,9,
MeshPreset_GlasGavelenEarthSlice0_3.json,MeshPreset_GlasGavelenEarthSlice0_3,mesh,ice,0,Pow,1,Exp,Pow + Exp,6.0,2.4000000953674316,2.5,texture_or_default,unknown,,,,engine_default_or_texture,0,9,
MeshPreset_GlasGavelenExplosionSmoke0_0.json,MeshPreset_GlasGavelenExplosionSmoke0_0,mesh,wind,0,Pow,1,Exp,Pow + Exp,6.0,1.7999999523162842,2.5,texture_or_default,unknown,,,,engine_default_or_texture,0,6,
MeshPreset_GlasGavelenExplosionSmoke0_1.json,MeshPreset_GlasGavelenExplosionSmoke0_1,mesh,magic_circle,0,Pow,1,Exp,Pow + Exp,6.0,0.10000000149011612,2.5,texture_or_default,unknown,,,,engine_default_or_texture,0,6,
MeshPreset_GlasGavelenExplosionSmoke0_2.json,MeshPreset_GlasGavelenExplosionSmoke0_2,mesh,magic_circle,0,Pow,1,Exp,Pow + Exp,6.0,0.10000000149011612,2.5,texture_or_default,unknown,,,,engine_default_or_texture,0,6,
MeshPreset_GlasGavelenFlameArea0_0.json,MeshPreset_GlasGavelenFlameArea0_0,mesh,fire,0,Pow,0,None,Pow + None,6.0,4.0,2.5,yellow,bright,1.0,1.0,0.0,custom_json,1,8,GradientDarkColors
MeshPreset_GlasGavelenFlameArea0_1.json,MeshPreset_GlasGavelenFlameArea0_1,mesh,fire,0,Pow,1,Exp,Pow + Exp,6.0,1.7999999523162842,2.5,texture_or_default,unknown,,,,engine_default_or_texture,0,6,
MeshPreset_GlasGavelenFlameArea0_2.json,MeshPreset_GlasGavelenFlameArea0_2,mesh,fire,0,Pow,1,Exp,Pow + Exp,6.0,1.7999999523162842,2.5,texture_or_default,unknown,,,,engine_default_or_texture,0,2,
MeshPreset_GlasGavelenFlameBreath0_0.json,MeshPreset_GlasGavelenFlameBreath0_0,mesh,fire,0,Pow,1,Exp,Pow + Exp,6.0,1.7999999523162842,2.5,yellow,mid,0.5976470589637757,0.6,0.2,custom_json,5,3,BloomColorPerMesh;GradientBrightColors;GradientDarkColors
MeshPreset_GlasGavelenFlameEruption0_0.json,MeshPreset_GlasGavelenFlameEruption0_0,mesh,fire,0,Pow,1,Exp,Pow + Exp,30.0,0.10000000149011612,3.0,texture_or_default,unknown,,,,engine_default_or_texture,0,6,
MeshPreset_GlasGavelenFlameEruption0_1.json,MeshPreset_GlasGavelenFlameEruption0_1,mesh,fire,0,Pow,1,Exp,Pow + Exp,30.0,0.10000000149011612,3.0,texture_or_default,unknown,,,,engine_default_or_texture,0,6,
MeshPreset_GlasGavelenFlameEruption0_2.json,MeshPreset_GlasGavelenFlameEruption0_2,mesh,fire,0,Pow,1,Exp,Pow + Exp,30.0,0.10000000149011612,3.0,texture_or_default,unknown,,,,engine_default_or_texture,0,6,
MeshPreset_GlasGavelenFlameEruption0_3.json,MeshPreset_GlasGavelenFlameEruption0_3,mesh,fire,0,Pow,1,Exp,Pow + Exp,30.0,0.10000000149011612,3.0,texture_or_default,unknown,,,,engine_default_or_texture,0,6,
MeshPreset_GlasGavelenFlameEruption0_4.json,MeshPreset_GlasGavelenFlameEruption0_4,mesh,fire,0,Pow,1,Exp,Pow + Exp,30.0,0.10000000149011612,3.0,texture_or_default,unknown,,,,engine_default_or_texture,0,6,
MeshPreset_GlasGavelenFlameEruption0_5.json,MeshPreset_GlasGavelenFlameEruption0_5,mesh,fire,0,Pow,1,Exp,Pow + Exp,30.0,0.10000000149011612,3.0,texture_or_default,unknown,,,,engine_default_or_texture,0,6,
MeshPreset_GlasGavelenFlameEruption0_6.json,MeshPreset_GlasGavelenFlameEruption0_6,mesh,fire,0,Pow,1,Exp,Pow + Exp,6.0,0.10000000149011612,2.5,yellow,bright,1.0,1.0,0.41960784792900085,custom_json,1,6,GradientDarkColors
MeshPreset_GlasGavelenFlameEruptionFireBall0_0.json,MeshPreset_GlasGavelenFlameEruptionFireBall0_0,mesh,ice,0,Pow,0,None,Pow + None,6.0,0.10000000149011612,2.5,yellow,bright,1.0,1.0,0.0,custom_json,1,5,GradientDarkColors
MeshPreset_GlasGavelenFlameEruptionFireBall0_1.json,MeshPreset_GlasGavelenFlameEruptionFireBall0_1,mesh,fire,0,Pow,0,None,Pow + None,6.0,0.10000000149011612,2.5,yellow,bright,1.0,1.0,0.0,custom_json,1,5,GradientDarkColors
MeshPreset_GlasGavelenFlameEruptionFireBall0_2.json,MeshPreset_GlasGavelenFlameEruptionFireBall0_2,mesh,fire,0,Pow,0,None,Pow + None,6.0,0.10000000149011612,2.5,yellow,bright,1.0,1.0,0.0,custom_json,1,5,GradientDarkColors
MeshPreset_GlasGavelenFlameEruptionFireBall0_3.json,MeshPreset_GlasGavelenFlameEruptionFireBall0_3,mesh,fire,0,Pow,0,None,Pow + None,6.0,0.10000000149011612,2.5,yellow,bright,1.0,1.0,0.0,custom_json,1,5,GradientDarkColors
MeshPreset_GlasGavelenFlameEruptionFireBall0_4.json,MeshPreset_GlasGavelenFlameEruptionFireBall0_4,mesh,fire,0,Pow,0,None,Pow + None,6.0,0.10000000149011612,2.5,yellow,bright,1.0,1.0,0.0,custom_json,1,5,GradientDarkColors
MeshPreset_GlasGavelenFlameEruptionFireBall0_5.json,MeshPreset_GlasGavelenFlameEruptionFireBall0_5,mesh,fire,0,Pow,0,None,Pow + None,6.0,0.10000000149011612,2.5,yellow,bright,1.0,1.0,0.0,custom_json,1,5,GradientDarkColors
MeshPreset_GlasGavelenFlameEruptionFireBall0_6.json,MeshPreset_GlasGavelenFlameEruptionFireBall0_6,mesh,fire,0,Pow,0,None,Pow + None,6.0,0.10000000149011612,2.5,yellow,bright,1.0,1.0,0.0,custom_json,1,5,GradientDarkColors
MeshPreset_GlasGavelenFlameEruptionFireBall0_7.json,MeshPreset_GlasGavelenFlameEruptionFireBall0_7,mesh,fire,0,Pow,0,None,Pow + None,6.0,0.10000000149011612,2.5,yellow,bright,1.0,1.0,0.0,custom_json,1,5,GradientDarkColors
MeshPreset_GlasGavelenFlameEruptionFireBall0_8.json,MeshPreset_GlasGavelenFlameEruptionFireBall0_8,mesh,fire,0,Pow,0,None,Pow + None,6.0,0.10000000149011612,2.5,yellow,bright,1.0,1.0,0.0,custom_json,1,8,GradientDarkColors
MeshPreset_GlasGavelenFlameEruptionFireBall0_9.json,MeshPreset_GlasGavelenFlameEruptionFireBall0_9,mesh,fire,0,Pow,0,None,Pow + None,6.0,0.10000000149011612,2.5,orange,mid,1.0,0.5,0.11764705926179886,custom_json,2,7,GradientBrightColors;GradientDarkColors
MeshPreset_GlasGavelenJumpTrail0_0.json,MeshPreset_GlasGavelenJumpTrail0_0,mesh,holy_light,0,Pow,0,None,Pow + None,6.0,1.399999976158142,2.5,texture_or_default,unknown,,,,engine_default_or_texture,0,6,
MeshPreset_GlasGavelenJumpTrail1_0.json,MeshPreset_GlasGavelenJumpTrail1_0,mesh,holy_light,0,Pow,0,None,Pow + None,6.0,1.399999976158142,2.5,texture_or_default,unknown,,,,engine_default_or_texture,0,9,
MeshPreset_GlasGavelenLaserBeam0_0.json,MeshPreset_GlasGavelenLaserBeam0_0,mesh,boss,0,Pow,0,None,Pow + None,6.0,0.10000000149011612,2.5,blue,mid,0.27886710895432365,0.5246187448501587,0.8888888888888888,custom_json,9,3,BloomColorPerMesh;GradientBrightColors;GradientDarkColors
MeshPreset_GlasGavelenLaserBeam0_1.json,MeshPreset_GlasGavelenLaserBeam0_1,mesh,magic_circle,0,Pow,0,None,Pow + None,4.0,1.2000000476837158,2.5,blue,mid,0.32549020648002625,0.560784325003624,1.0,custom_json,2,5,GradientBrightColors;GradientDarkColors
MeshPreset_GlasGavelenLaserBeam0_2.json,MeshPreset_GlasGavelenLaserBeam0_2,mesh,magic_circle,0,Pow,0,None,Pow + None,4.0,1.2000000476837158,2.5,blue,mid,0.32549020648002625,0.560784325003624,1.0,custom_json,2,1,GradientBrightColors;GradientDarkColors
MeshPreset_GlasGavelenLaserBeam0_3.json,MeshPreset_GlasGavelenLaserBeam0_3,mesh,magic_circle,0,Pow,0,None,Pow + None,4.0,1.2000000476837158,2.5,blue,mid,0.32549020648002625,0.560784325003624,1.0,custom_json,2,5,GradientBrightColors;GradientDarkColors
MeshPreset_GlasGavelenLaserBeam0_4.json,MeshPreset_GlasGavelenLaserBeam0_4,mesh,magic_circle,0,Pow,0,None,Pow + None,4.0,1.2000000476837158,2.5,blue,mid,0.32549020648002625,0.560784325003624,1.0,custom_json,2,5,GradientBrightColors;GradientDarkColors
MeshPreset_GlasGavelenLaserBeamChanneling0_0.json,MeshPreset_GlasGavelenLaserBeamChanneling0_0,mesh,fire,0,Pow,0,None,Pow + None,6.0,0.10000000149011612,2.5,black,dark,0.0,0.0,0.0,custom_json,2,6,BloomColorPerMesh
MeshPreset_GlasGavelenLeapAttack0_0.json,MeshPreset_GlasGavelenLeapAttack0_0,mesh,magic_circle,0,Pow,0,None,Pow + None,6.0,1.399999976158142,2.5,texture_or_default,unknown,,,,engine_default_or_texture,0,6,
MeshPreset_GlasGavelenLeapAttack0_1.json,MeshPreset_GlasGavelenLeapAttack0_1,mesh,magic_circle,0,Pow,1,Exp,Pow + Exp,30.0,0.10000000149011612,2.5,texture_or_default,unknown,,,,engine_default_or_texture,0,9,
MeshPreset_GlasGavelenRoar0_0.json,MeshPreset_GlasGavelenRoar0_0,mesh,magic_circle,0,Pow,1,Exp,Pow + Exp,6.0,1.7999999523162842,2.5,black,dark,0.0,0.0,0.0,custom_json,2,6,BloomColorPerMesh
MeshPreset_GlasgavelenRush0_0.json,MeshPreset_GlasgavelenRush0_0,mesh,boss,0,Pow,1,Exp,Pow + Exp,6.0,1.7999999523162842,2.5,gray,mid,0.501960813999176,0.501960813999176,0.501960813999176,custom_json,1,5,GradientBrightColors
MeshPreset_GlasGavelenRuthlessBlade0_0.json,MeshPreset_GlasGavelenRuthlessBlade0_0,mesh,wind,0,Pow,1,Exp,Pow + Exp,14.899999618530273,0.10000000149011612,2.5,texture_or_default,unknown,,,,engine_default_or_texture,0,6,
MeshPreset_GlasGavelenRuthlessBlade0_1.json,MeshPreset_GlasGavelenRuthlessBlade0_1,mesh,wind,0,Pow,1,Exp,Pow + Exp,14.899999618530273,0.10000000149011612,2.5,texture_or_default,unknown,,,,engine_default_or_texture,0,6,
MeshPreset_GlasGavelenRuthlessBlade0_2.json,MeshPreset_GlasGavelenRuthlessBlade0_2,mesh,magic_circle,0,Pow,0,None,Pow + None,100.0,0.10000000149011612,0.0,texture_or_default,unknown,,,,engine_default_or_texture,0,9,
MeshPreset_GlasGavelenRuthlessBlade0_3.json,MeshPreset_GlasGavelenRuthlessBlade0_3,mesh,magic_circle,0,Pow,1,Exp,Pow + Exp,6.0,1.7999999523162842,2.5,texture_or_default,unknown,,,,engine_default_or_texture,0,9,
MeshPreset_GlasGavelenRuthlessBlade0_4.json,MeshPreset_GlasGavelenRuthlessBlade0_4,mesh,wind,0,Pow,1,Exp,Pow + Exp,10.399999618530273,0.10000000149011612,2.5,red,dark,0.5,0.0,0.0,custom_json,2,7,GradientBrightColors;GradientDarkColors
MeshPreset_GlasGavelenRuthlessBlade1_0.json,MeshPreset_GlasGavelenRuthlessBlade1_0,mesh,wind,0,Pow,1,Exp,Pow + Exp,14.899999618530273,0.10000000149011612,2.5,texture_or_default,unknown,,,,engine_default_or_texture,0,6,
MeshPreset_GlasGavelenRuthlessBlade1_1.json,MeshPreset_GlasGavelenRuthlessBlade1_1,mesh,wind,0,Pow,1,Exp,Pow + Exp,14.899999618530273,0.10000000149011612,2.5,texture_or_default,unknown,,,,engine_default_or_texture,0,6,
MeshPreset_GlasGavelenRuthlessBlade1_2.json,MeshPreset_GlasGavelenRuthlessBlade1_2,mesh,magic_circle,0,Pow,0,None,Pow + None,100.0,0.10000000149011612,0.0,texture_or_default,unknown,,,,engine_default_or_texture,0,9,
MeshPreset_GlasGavelenRuthlessBlade1_3.json,MeshPreset_GlasGavelenRuthlessBlade1_3,mesh,magic_circle,0,Pow,1,Exp,Pow + Exp,6.0,1.7999999523162842,2.5,texture_or_default,unknown,,,,engine_default_or_texture,0,9,
MeshPreset_GlasGavelenRuthlessBlade1_4.json,MeshPreset_GlasGavelenRuthlessBlade1_4,mesh,wind,0,Pow,1,Exp,Pow + Exp,10.399999618530273,0.10000000149011612,2.5,red,dark,0.5,0.0,0.0,custom_json,2,7,GradientBrightColors;GradientDarkColors
MeshPreset_GlasGavelenRuthlessBlade2_0.json,MeshPreset_GlasGavelenRuthlessBlade2_0,mesh,wind,0,Pow,1,Exp,Pow + Exp,15.0,0.10000000149011612,2.5,texture_or_default,unknown,,,,engine_default_or_texture,0,5,
MeshPreset_GlasGavelenRuthlessBlade2_1.json,MeshPreset_GlasGavelenRuthlessBlade2_1,mesh,wind,0,Pow,1,Exp,Pow + Exp,15.0,0.10000000149011612,2.5,texture_or_default,unknown,,,,engine_default_or_texture,0,5,
MeshPreset_GlasGavelenSpinSlash0_0.json,MeshPreset_GlasGavelenSpinSlash0_0,mesh,slash_trail,0,Pow,0,None,Pow + None,6.0,1.5,2.5,cyan,mid,0.21885813772678375,0.6750196218490601,0.8651960790157318,custom_json,2,5,GradientBrightColors;GradientDarkColors
MeshPreset_GlasGavelenSpinSlash0_1.json,MeshPreset_GlasGavelenSpinSlash0_1,mesh,slash_trail,0,Pow,0,None,Pow + None,6.0,1.399999976158142,2.5,cyan,mid,0.21885813772678375,0.6750196218490601,0.8651960790157318,custom_json,2,1,GradientBrightColors;GradientDarkColors
MeshPreset_GlasGavelenSpinSlash0_2.json,MeshPreset_GlasGavelenSpinSlash0_2,mesh,wind,0,Pow,1,Exp,Pow + Exp,6.0,0.10000000149011612,2.5,texture_or_default,unknown,,,,engine_default_or_texture,0,9,
MeshPreset_GlasGavelenSpinSlash0_3.json,MeshPreset_GlasGavelenSpinSlash0_3,mesh,wind,0,Pow,1,Exp,Pow + Exp,6.0,0.10000000149011612,2.5,texture_or_default,unknown,,,,engine_default_or_texture,0,9,
MeshPreset_GlasGavelenSpinSlash0_4.json,MeshPreset_GlasGavelenSpinSlash0_4,mesh,wind,0,Pow,1,Exp,Pow + Exp,6.0,0.10000000149011612,2.5,texture_or_default,unknown,,,,engine_default_or_texture,0,9,
MeshPreset_GlasGavelenStomp0_0.json,MeshPreset_GlasGavelenStomp0_0,mesh,boss,0,Pow,0,None,Pow + None,6.5,0.10000000149011612,2.5,gray,dark,0.1568627506494522,0.1568627506494522,0.1568627506494522,custom_json,2,4,GradientBrightColors;GradientDarkColors
MeshPreset_GlasGavelenStomp0_1.json,MeshPreset_GlasGavelenStomp0_1,mesh,boss,0,Pow,0,None,Pow + None,6.5,0.10000000149011612,2.5,gray,bright,0.6568627506494522,0.6568627506494522,0.6568627506494522,custom_json,2,0,GradientBrightColors;GradientDarkColors
MeshPreset_GlasGavelenStomp0_10.json,MeshPreset_GlasGavelenStomp0_10,mesh,boss,0,Pow,0,None,Pow + None,6.5,0.10000000149011612,2.5,gray,bright,0.6568627506494522,0.6568627506494522,0.6568627506494522,custom_json,2,7,GradientBrightColors;GradientDarkColors
MeshPreset_GlasGavelenStomp0_11.json,MeshPreset_GlasGavelenStomp0_11,mesh,boss,0,Pow,0,None,Pow + None,6.5,0.10000000149011612,2.5,gray,bright,0.6568627506494522,0.6568627506494522,0.6568627506494522,custom_json,2,7,GradientBrightColors;GradientDarkColors
MeshPreset_GlasGavelenStomp0_12.json,MeshPreset_GlasGavelenStomp0_12,mesh,boss,0,Pow,0,None,Pow + None,6.5,0.10000000149011612,2.5,gray,bright,0.6568627506494522,0.6568627506494522,0.6568627506494522,custom_json,2,7,GradientBrightColors;GradientDarkColors
MeshPreset_GlasGavelenStomp0_13.json,MeshPreset_GlasGavelenStomp0_13,mesh,boss,0,Pow,0,None,Pow + None,6.5,0.10000000149011612,2.5,gray,bright,0.6568627506494522,0.6568627506494522,0.6568627506494522,custom_json,2,7,GradientBrightColors;GradientDarkColors
MeshPreset_GlasGavelenStomp0_14.json,MeshPreset_GlasGavelenStomp0_14,mesh,boss,0,Pow,0,None,Pow + None,6.5,0.10000000149011612,2.5,gray,bright,0.6568627506494522,0.6568627506494522,0.6568627506494522,custom_json,2,7,GradientBrightColors;GradientDarkColors
MeshPreset_GlasGavelenStomp0_15.json,MeshPreset_GlasGavelenStomp0_15,mesh,boss,0,Pow,0,None,Pow + None,6.5,0.10000000149011612,2.5,gray,bright,0.6568627506494522,0.6568627506494522,0.6568627506494522,custom_json,2,7,GradientBrightColors;GradientDarkColors
MeshPreset_GlasGavelenStomp0_2.json,MeshPreset_GlasGavelenStomp0_2,mesh,boss,0,Pow,0,None,Pow + None,6.5,0.10000000149011612,2.5,gray,bright,0.6568627506494522,0.6568627506494522,0.6568627506494522,custom_json,2,0,GradientBrightColors;GradientDarkColors
MeshPreset_GlasGavelenStomp0_3.json,MeshPreset_GlasGavelenStomp0_3,mesh,boss,0,Pow,0,None,Pow + None,6.5,0.10000000149011612,2.5,gray,bright,0.6568627506494522,0.6568627506494522,0.6568627506494522,custom_json,2,0,GradientBrightColors;GradientDarkColors
MeshPreset_GlasGavelenStomp0_4.json,MeshPreset_GlasGavelenStomp0_4,mesh,boss,0,Pow,0,None,Pow + None,6.5,0.10000000149011612,2.5,gray,bright,0.6568627506494522,0.6568627506494522,0.6568627506494522,custom_json,2,3,GradientBrightColors;GradientDarkColors
MeshPreset_GlasGavelenStomp0_5.json,MeshPreset_GlasGavelenStomp0_5,mesh,boss,0,Pow,0,None,Pow + None,6.5,0.10000000149011612,2.5,gray,bright,0.6568627506494522,0.6568627506494522,0.6568627506494522,custom_json,2,0,GradientBrightColors;GradientDarkColors
MeshPreset_GlasGavelenStomp0_6.json,MeshPreset_GlasGavelenStomp0_6,mesh,boss,0,Pow,0,None,Pow + None,6.5,0.10000000149011612,2.5,gray,bright,0.6568627506494522,0.6568627506494522,0.6568627506494522,custom_json,2,4,GradientBrightColors;GradientDarkColors
MeshPreset_GlasGavelenStomp0_7.json,MeshPreset_GlasGavelenStomp0_7,mesh,boss,0,Pow,0,None,Pow + None,6.5,0.10000000149011612,2.5,gray,bright,0.6568627506494522,0.6568627506494522,0.6568627506494522,custom_json,2,0,GradientBrightColors;GradientDarkColors
MeshPreset_GlasGavelenStomp0_8.json,MeshPreset_GlasGavelenStomp0_8,mesh,boss,0,Pow,0,None,Pow + None,6.5,0.10000000149011612,2.5,gray,bright,0.6568627506494522,0.6568627506494522,0.6568627506494522,custom_json,2,7,GradientBrightColors;GradientDarkColors
MeshPreset_GlasGavelenStomp0_9.json,MeshPreset_GlasGavelenStomp0_9,mesh,boss,0,Pow,0,None,Pow + None,6.5,0.10000000149011612,2.5,gray,bright,0.6568627506494522,0.6568627506494522,0.6568627506494522,custom_json,2,7,GradientBrightColors;GradientDarkColors
MeshPreset_IceAge0_0.json,MeshPreset_IceAge0_0,mesh,ice,0,Pow,0,None,Pow + None,6.0,4.0,2.5,cyan,mid,0.38692811131477356,0.6248366038004557,0.6549019614855448,custom_json,6,2,BloomColorPerMesh;GradientBrightColors;GradientDarkColors
MeshPreset_IceAge0_1.json,MeshPreset_IceAge0_1,mesh,ice,0,Pow,1,Exp,Pow + Exp,6.0,0.10000000149011612,2.5,cyan,mid,0.41960785537958145,0.6941176503896713,0.7303921580314636,custom_json,4,5,GradientBrightColors;GradientDarkColors
MeshPreset_IceAge0_2.json,MeshPreset_IceAge0_2,mesh,ice,0,Pow,1,Exp,Pow + Exp,6.0,1.7999999523162842,2.5,cyan,bright,0.47058823704719543,1.0,1.0,custom_json,1,1,GradientBrightColors
MeshPreset_IceAge0_3.json,MeshPreset_IceAge0_3,mesh,ice,0,Pow,1,Exp,Pow + Exp,6.0,1.7999999523162842,2.5,black,dark,0.0,0.0,0.0,custom_json,37,23,BloomColorPerMesh;GradientBrightColors
MeshPreset_IceAge0_4.json,MeshPreset_IceAge0_4,mesh,ice,0,Pow,1,Exp,Pow + Exp,8.899999618530273,0.6000000238418579,2.5,cyan,bright,0.7843137383460999,0.9411764740943909,1.0,custom_json,2,4,GradientBrightColors
MeshPreset_IceAge0_5.json,MeshPreset_IceAge0_5,mesh,ice,0,Pow,1,Exp,Pow + Exp,6.0,1.7999999523162842,2.5,cyan,mid,0.32156863808631897,0.5790849725405375,0.6549019614855448,custom_json,6,2,BloomColorPerMesh;GradientBrightColors;GradientDarkColors
MeshPreset_IceDagger0_0.json,MeshPreset_IceDagger0_0,mesh,ice,0,Pow,0,None,Pow + None,5.099999904632568,0.10000000149011612,1.7000000476837158,texture_or_default,unknown,,,,engine_default_or_texture,0,2,
MeshPreset_IceMageDefaultAttack0_0.json,MeshPreset_IceMageDefaultAttack0_0,mesh,ice,0,Pow,0,None,Pow + None,6.0,1.399999976158142,2.5,cyan,mid,0.43529412522912025,0.7029411792755127,0.736764706671238,custom_json,8,1,BloomColorPerMesh;GradientBrightColors;GradientDarkColors
MeshPreset_IceMageDefaultAttack0_1.json,MeshPreset_IceMageDefaultAttack0_1,mesh,ice,0,Pow,0,None,Pow + None,6.0,1.399999976158142,2.5,cyan,mid,0.29019608348608017,0.4686274528503418,0.49117647111415863,custom_json,4,1,BloomColorPerMesh;GradientBrightColors;GradientDarkColors
MeshPreset_IceMageDefaultAttack0_2.json,MeshPreset_IceMageDefaultAttack0_2,mesh,ice,0,Pow,0,None,Pow + None,6.0,1.399999976158142,2.5,blue,mid,0.29411765187978745,0.4068627506494522,0.5,custom_json,4,1,BloomColorPerMesh;GradientBrightColors;GradientDarkColors
MeshPreset_IceMageDefaultAttack1_0.json,MeshPreset_IceMageDefaultAttack1_0,mesh,ice,0,Pow,0,None,Pow + None,6.0,1.399999976158142,2.5,cyan,mid,0.43529412522912025,0.7029411792755127,0.736764706671238,custom_json,8,1,BloomColorPerMesh;GradientBrightColors;GradientDarkColors
MeshPreset_IceMageDefaultAttack1_1.json,MeshPreset_IceMageDefaultAttack1_1,mesh,ice,0,Pow,0,None,Pow + None,6.0,1.399999976158142,2.5,cyan,mid,0.29019608348608017,0.4686274528503418,0.49117647111415863,custom_json,4,1,BloomColorPerMesh;GradientBrightColors;GradientDarkColors
MeshPreset_IceMageDefaultAttack1_2.json,MeshPreset_IceMageDefaultAttack1_2,mesh,ice,0,Pow,0,None,Pow + None,6.0,1.399999976158142,2.5,blue,mid,0.29411765187978745,0.4068627506494522,0.5,custom_json,4,1,BloomColorPerMesh;GradientBrightColors;GradientDarkColors
MeshPreset_IceMageDefaultAttack2_0.json,MeshPreset_IceMageDefaultAttack2_0,mesh,ice,0,Pow,1,Exp,Pow + Exp,6.0,1.399999976158142,2.5,cyan,bright,0.572549025217692,0.9372549057006836,0.9823529422283173,custom_json,6,3,GradientBrightColors;GradientDarkColors
MeshPreset_IceMageDefaultAttack2_1.json,MeshPreset_IceMageDefaultAttack2_1,mesh,ice,0,Pow,1,Exp,Pow + Exp,6.0,1.399999976158142,2.5,cyan,bright,0.572549025217692,0.9372549057006836,0.9823529422283173,custom_json,6,3,GradientBrightColors;GradientDarkColors
MeshPreset_IceMageDefaultAttack2_2.json,MeshPreset_IceMageDefaultAttack2_2,mesh,ice,0,Pow,1,Exp,Pow + Exp,6.0,1.399999976158142,2.5,cyan,bright,0.572549025217692,0.9372549057006836,0.9823529422283173,custom_json,6,3,GradientBrightColors;GradientDarkColors
MeshPreset_IceMageDefaultAttack2_3.json,MeshPreset_IceMageDefaultAttack2_3,mesh,ice,0,Pow,1,Exp,Pow + Exp,6.0,1.7000000476837158,2.5,cyan,bright,0.5490196198225021,1.0,1.0,custom_json,2,1,GradientBrightColors;GradientDarkColors
MeshPreset_IceMageDefaultAttack2_4.json,MeshPreset_IceMageDefaultAttack2_4,mesh,ice,0,Pow,1,Exp,Pow + Exp,6.0,1.7000000476837158,2.5,cyan,bright,0.5490196198225021,1.0,1.0,custom_json,2,1,GradientBrightColors;GradientDarkColors
MeshPreset_IceMageDefaultAttack2_5.json,MeshPreset_IceMageDefaultAttack2_5,mesh,ice,0,Pow,1,Exp,Pow + Exp,6.0,1.399999976158142,2.5,cyan,bright,0.5490196198225021,1.0,1.0,custom_json,2,1,GradientBrightColors;GradientDarkColors
MeshPreset_IceMageDefaultAttack2_6.json,MeshPreset_IceMageDefaultAttack2_6,mesh,ice,0,Pow,1,Exp,Pow + Exp,6.0,1.7999999523162842,2.5,blue,mid,0.45098039507865906,0.5470588244497776,1.0,custom_json,2,4,GradientBrightColors;GradientDarkColors
MeshPreset_IceMageDefaultAttackTmp0_0.json,MeshPreset_IceMageDefaultAttackTmp0_0,mesh,ice,0,Pow,0,None,Pow + None,6.0,0.10000000149011612,2.5,cyan,mid,0.43529412522912025,0.7029411792755127,0.736764706671238,custom_json,8,1,BloomColorPerMesh;GradientBrightColors;GradientDarkColors
MeshPreset_IceMageDefaultAttackTmp0_1.json,MeshPreset_IceMageDefaultAttackTmp0_1,mesh,ice,0,Pow,0,None,Pow + None,6.0,1.399999976158142,2.5,cyan,bright,0.5803921669721603,0.9372549057006836,0.9823529422283173,custom_json,2,5,GradientBrightColors;GradientDarkColors
MeshPreset_IceMageDefaultAttackTmp2_0.json,MeshPreset_IceMageDefaultAttackTmp2_0,mesh,ice,0,Pow,1,Exp,Pow + Exp,6.0,1.399999976158142,2.5,cyan,bright,0.572549025217692,0.9372549057006836,0.9823529422283173,custom_json,6,3,GradientBrightColors;GradientDarkColors
MeshPreset_IceMageFootTrail0_0.json,MeshPreset_IceMageFootTrail0_0,mesh,ice,0,Pow,0,None,Pow + None,6.0,0.10000000149011612,2.5,cyan,bright,0.7790849705537161,1.0,1.0,custom_json,3,6,TrailUnits.BloomColor;TrailUnits.EndColor;TrailUnits.StartColor
MeshPreset_IceMageFreezingField0_0.json,MeshPreset_IceMageFreezingField0_0,mesh,ice,0,Pow,1,Exp,Pow + Exp,6.0,1.7999999523162842,2.5,cyan,bright,0.5686274543404579,0.9372549057006836,0.9823529422283173,custom_json,2,7,GradientBrightColors;GradientDarkColors
MeshPreset_IceMageFreezingField0_1.json,MeshPreset_IceMageFreezingField0_1,mesh,ice,0,Pow,0,None,Pow + None,6.0,1.5,2.5,cyan,bright,0.5686274543404579,0.9372549057006836,0.9823529422283173,custom_json,2,7,GradientBrightColors;GradientDarkColors
MeshPreset_IceMageFreezingField0_2.json,MeshPreset_IceMageFreezingField0_2,mesh,ice,0,Pow,0,None,Pow + None,6.0,1.5,2.5,cyan,bright,0.5686274543404579,0.9372549057006836,0.9823529422283173,custom_json,2,7,GradientBrightColors;GradientDarkColors
MeshPreset_IceMageFrozenOrb0_0.json,MeshPreset_IceMageFrozenOrb0_0,mesh,ice,1,LinExp,0,None,LinExp + None,9.899999618530273,0.10000000149011612,2.5,cyan,mid,0.14685599171909794,0.5054766844058859,0.678025693729006,custom_json,58,2,BloomColorPerMesh;GradientBrightColors;GradientDarkColors
MeshPreset_IceMageFrozenOrb0_1.json,MeshPreset_IceMageFrozenOrb0_1,mesh,ice,0,Pow,1,Exp,Pow + Exp,6.0,1.7999999523162842,2.5,cyan,bright,0.47058823704719543,1.0,1.0,custom_json,1,5,GradientBrightColors
MeshPreset_IceMageFrozenOrb0_2.json,MeshPreset_IceMageFrozenOrb0_2,mesh,ice,0,Pow,1,Exp,Pow + Exp,6.0,1.2000000476837158,2.5,cyan,mid,0.38692811131477356,0.6270152529080709,0.6549019614855448,custom_json,18,0,BloomColorPerMesh;GradientBrightColors;GradientDarkColors
MeshPreset_IceMageFrozenOrb0_3.json,MeshPreset_IceMageFrozenOrb0_3,mesh,ice,0,Pow,1,Exp,Pow + Exp,6.0,1.600000023841858,2.5,cyan,bright,0.5803921669721603,0.9372549057006836,0.9823529422283173,custom_json,2,0,GradientBrightColors;GradientDarkColors
MeshPreset_IceMageFrozenOrbTmp0_0.json,MeshPreset_IceMageFrozenOrbTmp0_0,mesh,ice,1,LinExp,0,None,LinExp + None,9.899999618530273,0.10000000149011612,2.5,blue,mid,0.15630252925412996,0.5078431495598384,0.7028011211327144,custom_json,28,2,BloomColorPerMesh;GradientBrightColors;GradientDarkColors
MeshPreset_IceMageFrozenOrbTmp0_1.json,MeshPreset_IceMageFrozenOrbTmp0_1,mesh,ice,1,LinExp,0,None,LinExp + None,9.899999618530273,0.10000000149011612,2.5,blue,mid,0.15630252925412996,0.5078431495598384,0.7028011211327144,custom_json,28,2,BloomColorPerMesh;GradientBrightColors;GradientDarkColors
MeshPreset_IceMageFrozenOrbTmp1_0.json,MeshPreset_IceMageFrozenOrbTmp1_0,mesh,ice,1,LinExp,0,None,LinExp + None,9.899999618530273,0.10000000149011612,2.5,blue,mid,0.15630252925412996,0.5078431495598384,0.7028011211327144,custom_json,28,2,BloomColorPerMesh;GradientBrightColors;GradientDarkColors
MeshPreset_IceMageFrozenOrbTmp2_0.json,MeshPreset_IceMageFrozenOrbTmp2_0,mesh,ice,1,LinExp,0,None,LinExp + None,9.899999618530273,0.10000000149011612,2.5,blue,mid,0.161969912953155,0.5062471614327542,0.6860921119534692,custom_json,43,2,BloomColorPerMesh;GradientBrightColors;GradientDarkColors
MeshPreset_IceMageFrozenOrbTmp3_0.json,MeshPreset_IceMageFrozenOrbTmp3_0,mesh,ice,1,LinExp,0,None,LinExp + None,9.899999618530273,0.10000000149011612,2.5,cyan,mid,0.14685599171909794,0.5054766844058859,0.678025693729006,custom_json,58,2,BloomColorPerMesh;GradientBrightColors;GradientDarkColors
MeshPreset_IceMageSplitSlash0_0.json,MeshPreset_IceMageSplitSlash0_0,mesh,ice,0,Pow,1,Exp,Pow + Exp,8.0,6.0,2.5,cyan,mid,0.38692811131477356,0.6248366038004557,0.6549019614855448,custom_json,12,0,BloomColorPerMesh;GradientBrightColors;GradientDarkColors
MeshPreset_IceMageSplitSlash0_1.json,MeshPreset_IceMageSplitSlash0_1,mesh,ice,0,Pow,1,Exp,Pow + Exp,8.0,6.0,2.5,cyan,mid,0.38692811131477356,0.6248366038004557,0.6549019614855448,custom_json,12,0,BloomColorPerMesh;GradientBrightColors;GradientDarkColors
MeshPreset_IceMageSplitSlashSword0_0.json,MeshPreset_IceMageSplitSlashSword0_0,mesh,ice,0,Pow,1,Exp,Pow + Exp,6.0,1.7999999523162842,2.5,blue,mid,0.25882354378700256,0.6921568810939789,0.9823529422283173,custom_json,2,5,GradientBrightColors;GradientDarkColors
MeshPreset_IceMageSword0_0.json,MeshPreset_IceMageSword0_0,mesh,ice,0,Pow,0,None,Pow + None,30.0,0.10000000149011612,0.0,texture_or_default,unknown,,,,engine_default_or_texture,0,7,
MeshPreset_IceMageSwordEnd0_0.json,MeshPreset_IceMageSwordEnd0_0,mesh,ice,1,LinExp,0,None,LinExp + None,30.0,0.10000000149011612,0.0,texture_or_default,unknown,,,,engine_default_or_texture,0,7,
MeshPreset_IceMageUltTmp0_0.json,MeshPreset_IceMageUltTmp0_0,mesh,ice,0,Pow,1,Exp,Pow + Exp,6.0,0.10000000149011612,2.5,blue,mid,0.23660131295522055,0.48235295216242474,0.6607843140761057,custom_json,6,2,BloomColorPerMesh;GradientBrightColors;GradientDarkColors
MeshPreset_IceOrb0_0.json,MeshPreset_IceOrb0_0,mesh,ice,0,Pow,0,None,Pow + None,30.0,0.10000000149011612,2.5,blue,bright,0.5647058963775635,0.6745098114013672,0.7607843160629273,custom_json,5,3,BloomColorPerMesh;GradientBrightColors;GradientDarkColors
MeshPreset_MapAurora0_0.json,MeshPreset_MapAurora0_0,mesh,other,0,Pow,1,Exp,Pow + Exp,6.0,1.7999999523162842,2.5,texture_or_default,unknown,,,,engine_default_or_texture,0,7,
MeshPreset_MapAurora1_0.json,MeshPreset_MapAurora1_0,mesh,other,0,Pow,1,Exp,Pow + Exp,6.0,1.7999999523162842,2.5,texture_or_default,unknown,,,,engine_default_or_texture,0,7,
MeshPreset_MapAurora2_0.json,MeshPreset_MapAurora2_0,mesh,other,0,Pow,1,Exp,Pow + Exp,12.800000190734863,5.400000095367432,2.5,texture_or_default,unknown,,,,engine_default_or_texture,0,7,
MeshPreset_MapDungeonCrystalActive0_0.json,MeshPreset_MapDungeonCrystalActive0_0,mesh,wind,0,Pow,1,Exp,Pow + Exp,6.0,1.7999999523162842,2.5,texture_or_default,unknown,,,,engine_default_or_texture,0,6,
MeshPreset_MapDungeonCrystalIDLE0_0.json,MeshPreset_MapDungeonCrystalIDLE0_0,mesh,wind,0,Pow,1,Exp,Pow + Exp,6.0,1.7999999523162842,2.5,texture_or_default,unknown,,,,engine_default_or_texture,0,6,
MeshPreset_MapFloorPart0_0.json,MeshPreset_MapFloorPart0_0,mesh,boss,0,Pow,0,None,Pow + None,6.0,1.0,2.5,orange,mid,1.0,0.501960813999176,0.0,custom_json,1,2,BloomColorPerMesh
MeshPreset_MapFloorPart1_0.json,MeshPreset_MapFloorPart1_0,mesh,boss,0,Pow,0,None,Pow + None,6.0,1.0,2.5,orange,mid,1.0,0.501960813999176,0.0,custom_json,1,6,BloomColorPerMesh
MeshPreset_MapFloorPart2_0.json,MeshPreset_MapFloorPart2_0,mesh,boss,0,Pow,0,None,Pow + None,6.0,1.0,2.5,orange,mid,1.0,0.501960813999176,0.0,custom_json,1,2,BloomColorPerMesh
MeshPreset_MapGrayMazeDoor0_0.json,MeshPreset_MapGrayMazeDoor0_0,mesh,other,0,Pow,1,Exp,Pow + Exp,13.800000190734863,0.10000000149011612,2.5,gray,dark,0.11764705926179886,0.11764705926179886,0.11764705926179886,custom_json,2,4,GradientBrightColors;GradientDarkColors
MeshPreset_MapLava0_0.json,MeshPreset_MapLava0_0,mesh,fire,0,Pow,0,None,Pow + None,6.0,4.0,2.5,yellow,bright,1.0,1.0,0.0,custom_json,1,8,GradientDarkColors
MeshPreset_MapLava0_1.json,MeshPreset_MapLava0_1,mesh,fire,0,Pow,1,Exp,Pow + Exp,6.0,1.7999999523162842,2.5,texture_or_default,unknown,,,,engine_default_or_texture,0,6,
MeshPreset_MapLava0_2.json,MeshPreset_MapLava0_2,mesh,fire,0,Pow,1,Exp,Pow + Exp,6.0,1.7999999523162842,2.5,texture_or_default,unknown,,,,engine_default_or_texture,0,2,
MeshPreset_MapLightProp0_0.json,MeshPreset_MapLightProp0_0,mesh,holy_light,0,Pow,0,None,Pow + None,6.0,1.7999999523162842,2.5,orange,bright,1.0,0.7176470756530762,0.2980392277240753,custom_json,2,5,GradientBrightColors;GradientDarkColors
MeshPreset_MapLightProp0_1.json,MeshPreset_MapLightProp0_1,mesh,holy_light,0,Pow,0,None,Pow + None,6.0,1.7999999523162842,2.5,orange,bright,1.0,0.7176470756530762,0.2980392277240753,custom_json,2,5,GradientBrightColors;GradientDarkColors
MeshPreset_MapLightPropEnd0_0.json,MeshPreset_MapLightPropEnd0_0,mesh,holy_light,0,Pow,0,None,Pow + None,6.0,1.7999999523162842,2.5,orange,bright,1.0,0.7176470756530762,0.2980392277240753,custom_json,2,5,GradientBrightColors;GradientDarkColors
MeshPreset_MapMathDoor0_0.json,MeshPreset_MapMathDoor0_0,mesh,other,0,Pow,1,Exp,Pow + Exp,13.800000190734863,0.10000000149011612,2.5,gray,mid,0.3137255012989044,0.3137255012989044,0.3137255012989044,custom_json,2,4,GradientBrightColors;GradientDarkColors
MeshPreset_MapMoonGateSymbol0_0.json,MeshPreset_MapMoonGateSymbol0_0,mesh,other,0,Pow,0,None,Pow + None,21.200000762939453,0.10000000149011612,3.5999999046325684,cyan,mid,0.40261439482371014,0.6405228773752848,0.6666666666666666,custom_json,3,2,BloomColorPerMesh;GradientBrightColors;GradientDarkColors
MeshPreset_MapMoonGateSymbol1_0.json,MeshPreset_MapMoonGateSymbol1_0,mesh,other,0,Pow,0,None,Pow + None,2.0,0.10000000149011612,3.5999999046325684,cyan,mid,0.40261439482371014,0.6405228773752848,0.6666666666666666,custom_json,3,2,BloomColorPerMesh;GradientBrightColors;GradientDarkColors
MeshPreset_MapMoonGateSymbol2_0.json,MeshPreset_MapMoonGateSymbol2_0,mesh,other,0,Pow,0,None,Pow + None,18.600000381469727,0.10000000149011612,3.5999999046325684,cyan,mid,0.40261439482371014,0.6405228773752848,0.6666666666666666,custom_json,3,6,BloomColorPerMesh;GradientBrightColors;GradientDarkColors
MeshPreset_MapMoonStone0_0.json,MeshPreset_MapMoonStone0_0,mesh,other,0,Pow,1,Exp,Pow + Exp,6.0,1.7999999523162842,2.5,cyan,bright,0.5784313976764679,0.8460784405469894,0.875490203499794,custom_json,4,6,BloomColorPerMesh;TrailUnits.BloomColor;TrailUnits.EndColor;TrailUnits.StartColor
MeshPreset_MapMoonStone0_1.json,MeshPreset_MapMoonStone0_1,mesh,other,0,Pow,1,Exp,Pow + Exp,6.0,1.7999999523162842,2.5,cyan,bright,0.586928129196167,0.8843137323856354,0.9169934689998627,custom_json,6,4,BloomColorPerMesh;GradientBrightColors;GradientDarkColors;TrailUnits.BloomColor;TrailUnits.EndColor;TrailUnits.StartColor
MeshPreset_MapMoonStone0_2.json,MeshPreset_MapMoonStone0_2,mesh,other,0,Pow,1,Exp,Pow + Exp,6.0,1.7999999523162842,2.5,cyan,bright,0.5784313976764679,0.8460784405469894,0.875490203499794,custom_json,4,6,BloomColorPerMesh;TrailUnits.BloomColor;TrailUnits.EndColor;TrailUnits.StartColor
MeshPreset_MapMorrighanGodLay0_0.json,MeshPreset_MapMorrighanGodLay0_0,mesh,other,0,Pow,1,Exp,Pow + Exp,6.0,1.7999999523162842,2.5,yellow,bright,1.0,1.0,0.5,custom_json,2,5,GradientBrightColors;GradientDarkColors
MeshPreset_MapTrichonailBankEntrance0_0.json,MeshPreset_MapTrichonailBankEntrance0_0,mesh,other,0,Pow,0,None,Pow + None,6.0,1.7999999523162842,2.5,texture_or_default,unknown,,,,engine_default_or_texture,0,7,
MeshPreset_MapTrichonailBankEntrance0_1.json,MeshPreset_MapTrichonailBankEntrance0_1,mesh,other,0,Pow,0,None,Pow + None,30.0,0.10000000149011612,2.5,texture_or_default,unknown,,,,engine_default_or_texture,0,6,
MeshPreset_MonsterSpawn_0.json,MeshPreset_MonsterSpawn_0,mesh,holy_light,0,Pow,0,None,Pow + None,6.0,1.7999999523162842,2.5,black,dark,0.03921568766236305,0.03921568766236305,0.03921568766236305,custom_json,2,4,GradientBrightColors;GradientDarkColors
MeshPreset_MorrighanAbsorbWave0_0.json,MeshPreset_MorrighanAbsorbWave0_0,mesh,dark,0,Pow,0,None,Pow + None,14.199999809265137,0.10000000149011612,2.5,red,dark,0.501960813999176,0.0,0.0,custom_json,1,6,BloomColorPerMesh
MeshPreset_MorrighanAbsorbWave0_1.json,MeshPreset_MorrighanAbsorbWave0_1,mesh,wind,0,Pow,0,None,Pow + None,13.5,1.7999999523162842,2.5,red,dark,0.8627451062202454,0.0,0.0,custom_json,1,2,GradientBrightColors
MeshPreset_MorrighanAbsorbWave1_0.json,MeshPreset_MorrighanAbsorbWave1_0,mesh,dark,0,Pow,1,Exp,Pow + Exp,6.0,1.7999999523162842,2.5,red,dark,0.501960813999176,0.0,0.0,custom_json,1,6,BloomColorPerMesh
MeshPreset_MorrighanAbsorbWave1_1.json,MeshPreset_MorrighanAbsorbWave1_1,mesh,water,0,Pow,0,None,Pow + None,9.300000190734863,3.5,2.5,red,dark,0.501960813999176,0.0,0.0,custom_json,1,6,GradientBrightColors
MeshPreset_MorrighanBaseAttack1_0.json,MeshPreset_MorrighanBaseAttack1_0,mesh,other,0,Pow,1,Exp,Pow + Exp,15.100000381469727,0.10000000149011612,2.5,red,mid,0.6,0.4,0.4,custom_json,5,7,GradientBrightColors;GradientDarkColors;TrailUnits.BloomColor;TrailUnits.EndColor;TrailUnits.StartColor
MeshPreset_MorrighanBeam0_0.json,MeshPreset_MorrighanBeam0_0,mesh,other,0,Pow,1,Exp,Pow + Exp,6.0,1.7999999523162842,2.5,red,dark,0.501960813999176,0.0,0.0,custom_json,1,2,GradientBrightColors
MeshPreset_MorrighanBeam0_1.json,MeshPreset_MorrighanBeam0_1,mesh,other,0,Pow,1,Exp,Pow + Exp,6.0,1.7999999523162842,2.5,red,dark,0.501960813999176,0.0,0.0,custom_json,1,2,GradientBrightColors
MeshPreset_MorrighanBeam0_2.json,MeshPreset_MorrighanBeam0_2,mesh,other,0,Pow,1,Exp,Pow + Exp,6.0,1.7999999523162842,2.5,red,dark,0.501960813999176,0.0,0.0,custom_json,1,2,GradientBrightColors
MeshPreset_MorrighanBeam0_3.json,MeshPreset_MorrighanBeam0_3,mesh,other,0,Pow,1,Exp,Pow + Exp,6.0,1.7999999523162842,2.5,red,dark,0.501960813999176,0.0,0.0,custom_json,1,2,GradientBrightColors
MeshPreset_MorrighanBeam0_4.json,MeshPreset_MorrighanBeam0_4,mesh,other,0,Pow,1,Exp,Pow + Exp,6.0,1.7999999523162842,2.5,red,dark,0.501960813999176,0.0,0.0,custom_json,1,2,GradientBrightColors
MeshPreset_MorrighanBeam0_5.json,MeshPreset_MorrighanBeam0_5,mesh,other,0,Pow,1,Exp,Pow + Exp,6.0,1.7999999523162842,2.5,red,dark,0.501960813999176,0.0,0.0,custom_json,1,6,GradientBrightColors
MeshPreset_MorrighanBeam0_6.json,MeshPreset_MorrighanBeam0_6,mesh,other,0,Pow,1,Exp,Pow + Exp,6.0,1.7999999523162842,2.5,red,dark,0.501960813999176,0.0,0.0,custom_json,1,6,GradientBrightColors
MeshPreset_MorrighanBeam1_0.json,MeshPreset_MorrighanBeam1_0,mesh,dark,0,Pow,0,None,Pow + None,6.0,1.7999999523162842,2.5,red,dark,1.0,0.0,0.0,custom_json,1,6,BloomColorPerMesh
MeshPreset_MorrighanBeam_0.json,MeshPreset_MorrighanBeam_0,mesh,music,0,Pow,1,Exp,Pow + Exp,12.0,0.10000000149011612,0.0,red,dark,0.23585434470857894,0.0,0.0,custom_json,7,2,BloomColorPerMesh;GradientBrightColors;GradientDarkColors
MeshPreset_MorrighanHolyarea0_0.json,MeshPreset_MorrighanHolyarea0_0,mesh,holy_light,0,Pow,0,None,Pow + None,6.0,1.7999999523162842,2.5,red,dark,0.4313725531101227,0.0,0.0,custom_json,2,5,GradientBrightColors;GradientDarkColors
MeshPreset_MorrighanHolyarea1_0.json,MeshPreset_MorrighanHolyarea1_0,mesh,holy_light,0,Pow,1,Exp,Pow + Exp,6.0,1.7999999523162842,2.5,red,dark,0.4313725531101227,0.0,0.0,custom_json,2,1,GradientBrightColors;GradientDarkColors
MeshPreset_MorrighanHolyarea1_1.json,MeshPreset_MorrighanHolyarea1_1,mesh,holy_light,0,Pow,0,None,Pow + None,2.200000047683716,0.10000000149011612,2.5,red,dark,0.5777777830759684,0.0,0.0,custom_json,3,4,BloomColorPerMesh;GradientBrightColors;GradientDarkColors
MeshPreset_MorrighanHolyarea1_2.json,MeshPreset_MorrighanHolyarea1_2,mesh,holy_light,0,Pow,0,None,Pow + None,6.0,1.7999999523162842,2.5,red,dark,0.750980406999588,0.0,0.0,custom_json,2,1,BloomColorPerMesh;GradientBrightColors
MeshPreset_MorrighanHolyarea1_3.json,MeshPreset_MorrighanHolyarea1_3,mesh,dark,0,Pow,1,Exp,Pow + Exp,6.0,1.7999999523162842,2.5,red,dark,1.0,0.0,0.0,custom_json,1,6,BloomColorPerMesh
MeshPreset_MorrighanHolyarea1_4.json,MeshPreset_MorrighanHolyarea1_4,mesh,holy_light,0,Pow,0,None,Pow + None,6.0,1.7999999523162842,2.5,red,dark,0.2666666805744171,0.0,0.0,custom_json,2,5,GradientBrightColors;GradientDarkColors
MeshPreset_MorrighanJudgement0_0.json,MeshPreset_MorrighanJudgement0_0,mesh,dark,0,Pow,1,Exp,Pow + Exp,6.0,1.7999999523162842,2.5,red,dark,0.501960813999176,0.0,0.0,custom_json,1,8,GradientBrightColors
MeshPreset_MorrighanJudgement0_1.json,MeshPreset_MorrighanJudgement0_1,mesh,other,0,Pow,0,None,Pow + None,6.0,1.7999999523162842,2.5,red,dark,1.0,0.0,0.0,custom_json,2,6,BloomColorPerMesh
MeshPreset_MorrighanProjectile0_0.json,MeshPreset_MorrighanProjectile0_0,mesh,wind,0,Pow,0,None,Pow + None,9.0,0.10000000149011612,2.5,red,dark,0.34509804248809817,0.0,0.0,custom_json,10,5,BloomColorPerMesh;GradientBrightColors
MeshPreset_MorrighanWeapon0_0.json,MeshPreset_MorrighanWeapon0_0,mesh,other,0,Pow,0,None,Pow + None,6.0,0.10000000149011612,2.5,black,dark,0.0,0.0,0.003921568859368563,custom_json,1,6,GradientDarkColors
MeshPreset_MorrighanWeaponEnd0_0.json,MeshPreset_MorrighanWeaponEnd0_0,mesh,other,1,LinExp,0,None,LinExp + None,6.0,0.10000000149011612,2.5,black,dark,0.0,0.0,0.003921568859368563,custom_json,1,2,GradientDarkColors
MeshPreset_PlayerBardAuraBase0_0.json,MeshPreset_PlayerBardAuraBase0_0,mesh,slash_trail,0,Pow,0,None,Pow + None,6.0,0.10000000149011612,2.5,texture_or_default,unknown,,,,engine_default_or_texture,0,7,
MeshPreset_PlayerBardFootStep0_0.json,MeshPreset_PlayerBardFootStep0_0,mesh,slash_trail,1,LinExp,1,Exp,LinExp + Exp,20.100000381469727,0.10000000149011612,0.0,texture_or_default,unknown,,,,engine_default_or_texture,0,7,
MeshPreset_PlayerBardFootStep1_0.json,MeshPreset_PlayerBardFootStep1_0,mesh,slash_trail,1,LinExp,1,Exp,LinExp + Exp,20.100000381469727,0.10000000149011612,0.0,texture_or_default,unknown,,,,engine_default_or_texture,0,7,
MeshPreset_PlayerBardFootStep2_0.json,MeshPreset_PlayerBardFootStep2_0,mesh,slash_trail,1,LinExp,1,Exp,LinExp + Exp,20.100000381469727,0.10000000149011612,0.0,texture_or_default,unknown,,,,engine_default_or_texture,0,7,
MeshPreset_PlayerCutSceneTrail0_0.json,MeshPreset_PlayerCutSceneTrail0_0,mesh,slash_trail,0,Pow,1,Exp,Pow + Exp,6.0,1.7999999523162842,2.5,texture_or_default,unknown,,,,engine_default_or_texture,0,6,
MeshPreset_PlayerDoomBrand0_0.json,MeshPreset_PlayerDoomBrand0_0,mesh,dark,0,Pow,0,None,Pow + None,6.0,0.10000000149011612,2.5,texture_or_default,unknown,,,,engine_default_or_texture,0,7,
MeshPreset_PlayerHeal0_0.json,MeshPreset_PlayerHeal0_0,mesh,holy_light,0,Pow,0,None,Pow + None,6.0,1.7999999523162842,2.5,green,bright,0.6571006402373314,0.927205890417099,0.4784097522497177,custom_json,4,2,GradientBrightColors;GradientDarkColors
MeshPreset_PlayerHeal1_0.json,MeshPreset_PlayerHeal1_0,mesh,holy_light,0,Pow,0,None,Pow + None,6.0,1.7999999523162842,2.5,green,bright,0.45098040252923965,0.8352941274642944,0.3137255012989044,custom_json,4,2,GradientBrightColors;GradientDarkColors
MeshPreset_PlayerPhoenixRessurection0_0.json,MeshPreset_PlayerPhoenixRessurection0_0,mesh,holy_light,0,Pow,0,None,Pow + None,6.0,1.2000000476837158,2.5,yellow,bright,0.9725490212440491,0.8745098114013672,0.48627452552318573,custom_json,2,5,GradientBrightColors;GradientDarkColors
MeshPreset_PlayerPhoenixRessurection0_1.json,MeshPreset_PlayerPhoenixRessurection0_1,mesh,holy_light,0,Pow,0,None,Pow + None,6.0,1.2000000476837158,2.5,yellow,bright,0.9725490212440491,0.8745098114013672,0.48627452552318573,custom_json,2,1,GradientBrightColors;GradientDarkColors
MeshPreset_PlayerPhoenixRessurection0_2.json,MeshPreset_PlayerPhoenixRessurection0_2,mesh,holy_light,0,Pow,0,None,Pow + None,6.0,1.2000000476837158,2.5,yellow,bright,0.9725490212440491,0.8745098114013672,0.48627452552318573,custom_json,2,1,GradientBrightColors;GradientDarkColors
MeshPreset_PlayerPhoenixRessurection0_3.json,MeshPreset_PlayerPhoenixRessurection0_3,mesh,holy_light,0,Pow,0,None,Pow + None,6.0,1.2000000476837158,2.5,yellow,bright,0.9725490212440491,0.8745098114013672,0.48627452552318573,custom_json,2,1,GradientBrightColors;GradientDarkColors
MeshPreset_PlayerPhoenixRessurection0_4.json,MeshPreset_PlayerPhoenixRessurection0_4,mesh,holy_light,0,Pow,0,None,Pow + None,6.0,1.2000000476837158,2.5,yellow,bright,0.9725490212440491,0.8745098114013672,0.48627452552318573,custom_json,2,1,GradientBrightColors;GradientDarkColors
MeshPreset_PlayerPhoenixRessurection0_5.json,MeshPreset_PlayerPhoenixRessurection0_5,mesh,holy_light,0,Pow,0,None,Pow + None,6.0,1.2000000476837158,2.5,yellow,bright,0.9725490212440491,0.8745098114013672,0.48627452552318573,custom_json,2,1,GradientBrightColors;GradientDarkColors
MeshPreset_PlayerPhoenixRessurection0_6.json,MeshPreset_PlayerPhoenixRessurection0_6,mesh,holy_light,0,Pow,0,None,Pow + None,6.0,1.2000000476837158,2.5,yellow,bright,0.9725490212440491,0.8745098114013672,0.48627452552318573,custom_json,2,1,GradientBrightColors;GradientDarkColors
MeshPreset_PlayerPhoenixRessurection0_7.json,MeshPreset_PlayerPhoenixRessurection0_7,mesh,holy_light,0,Pow,0,None,Pow + None,6.0,1.2000000476837158,2.5,yellow,bright,0.9725490212440491,0.8745098114013672,0.48627452552318573,custom_json,2,1,GradientBrightColors;GradientDarkColors
MeshPreset_PlayerPhoenixRessurection0_8.json,MeshPreset_PlayerPhoenixRessurection0_8,mesh,holy_light,0,Pow,0,None,Pow + None,6.0,1.2000000476837158,2.5,yellow,bright,0.9725490212440491,0.8745098114013672,0.48627452552318573,custom_json,2,5,GradientBrightColors;GradientDarkColors
MeshPreset_RanaldWeapon0_0.json,MeshPreset_RanaldWeapon0_0,mesh,music,0,Pow,0,None,Pow + None,30.0,0.10000000149011612,0.0,orange,dark,0.2867647111415863,0.1501225649844855,0.05298443208448589,custom_json,2,5,GradientBrightColors;GradientDarkColors
MeshPreset_TestSlash0_0.json,MeshPreset_TestSlash0_0,mesh,slash_trail,0,Pow,0,None,Pow + None,6.0,0.10000000149011612,2.5,texture_or_default,unknown,,,,engine_default_or_texture,0,6,
MeshPreset_TestSlash0_1.json,MeshPreset_TestSlash0_1,mesh,slash_trail,0,Pow,0,None,Pow + None,6.0,0.10000000149011612,2.5,texture_or_default,unknown,,,,engine_default_or_texture,0,6,
MeshPreset_TestSlash0_2.json,MeshPreset_TestSlash0_2,mesh,slash_trail,0,Pow,0,None,Pow + None,6.0,0.10000000149011612,2.5,texture_or_default,unknown,,,,engine_default_or_texture,0,6,
MeshPreset_TestSlash0_3.json,MeshPreset_TestSlash0_3,mesh,slash_trail,0,Pow,0,None,Pow + None,6.0,0.10000000149011612,2.5,texture_or_default,unknown,,,,engine_default_or_texture,0,6,
MeshPreset_TestSlash0_4.json,MeshPreset_TestSlash0_4,mesh,slash_trail,0,Pow,0,None,Pow + None,6.0,0.10000000149011612,2.5,texture_or_default,unknown,,,,engine_default_or_texture,0,6,
MeshPreset_TirchonailChiefHouseOutsideEntracne0_0.json,MeshPreset_TirchonailChiefHouseOutsideEntracne0_0,mesh,other,0,Pow,0,None,Pow + None,6.0,1.7999999523162842,2.5,texture_or_default,unknown,,,,engine_default_or_texture,0,7,
MeshPreset_TirchonaillInnEntrance0_0.json,MeshPreset_TirchonaillInnEntrance0_0,mesh,other,0,Pow,0,None,Pow + None,6.0,1.7999999523162842,2.5,texture_or_default,unknown,,,,engine_default_or_texture,0,7,
MeshPreset_TirchonaillSchoolEntrance0_0.json,MeshPreset_TirchonaillSchoolEntrance0_0,mesh,other,0,Pow,0,None,Pow + None,6.0,1.7999999523162842,2.5,texture_or_default,unknown,,,,engine_default_or_texture,0,7,
MeshPreset_TirchonaillVarietyStoreEntrance0_0.json,MeshPreset_TirchonaillVarietyStoreEntrance0_0,mesh,other,0,Pow,0,None,Pow + None,6.0,1.7999999523162842,2.5,texture_or_default,unknown,,,,engine_default_or_texture,0,7,
MeshPreset_TrichonailChurchEntrance0_0.json,MeshPreset_TrichonailChurchEntrance0_0,mesh,other,0,Pow,0,None,Pow + None,6.0,1.7999999523162842,2.5,texture_or_default,unknown,,,,engine_default_or_texture,0,7,
MeshPreset_TrichonaillGroceryStoreEntrance0_0.json,MeshPreset_TrichonaillGroceryStoreEntrance0_0,mesh,other,0,Pow,0,None,Pow + None,6.0,1.7999999523162842,2.5,texture_or_default,unknown,,,,engine_default_or_texture,0,7,
PointPreset_BardHitType0_0.json,PointPreset_BardHitType0_0,point,fire,0,Pow,0,None,Pow + None,7.800000190734863,1.7999999523162842,2.5,magenta,bright,1.0,0.690196081995964,0.9000000059604645,custom_json,2,1,PointDesc.EndColor;PointDesc.StartColor
PointPreset_BardHitType0_1.json,PointPreset_BardHitType0_1,point,music,1,LinExp,0,None,LinExp + None,6.0,1.7999999523162842,2.5,red,mid,0.6666666666666666,0.42091503739356995,0.4470588266849518,custom_json,3,0,BloomColor;PointDesc.EndColor;PointDesc.StartColor
PointPreset_BardHitType0_2.json,PointPreset_BardHitType0_2,point,music,1,LinExp,0,None,LinExp + None,6.0,1.7999999523162842,2.5,red,mid,0.6666666666666666,0.42091503739356995,0.4470588266849518,custom_json,3,0,BloomColor;PointDesc.EndColor;PointDesc.StartColor
PointPreset_BardHitType0_3.json,PointPreset_BardHitType0_3,point,music,1,LinExp,0,None,LinExp + None,6.0,1.7999999523162842,2.5,red,mid,0.6666666666666666,0.42091503739356995,0.4470588266849518,custom_json,3,0,BloomColor;PointDesc.EndColor;PointDesc.StartColor
PointPreset_BardMelodyShock0_0.json,PointPreset_BardMelodyShock0_0,point,lightning,0,Pow,1,Exp,Pow + Exp,6.0,1.7999999523162842,2.5,texture_or_default,unknown,,,,engine_default_or_texture,0,2,
PointPreset_BardMelodyShock1_0.json,PointPreset_BardMelodyShock1_0,point,lightning,0,Pow,0,None,Pow + None,6.0,1.7999999523162842,2.5,red,dark,1.0,0.0,0.0,custom_json,1,2,BloomColor
PointPreset_BardPlayMusic_0.json,PointPreset_BardPlayMusic_0,point,music,0,Pow,1,Exp,Pow + Exp,4.0,0.8999999761581421,2.4000000953674316,cyan,bright,0.4058823585510254,0.9196078479290009,0.8764705955982208,custom_json,2,1,PointDesc.EndColor;PointDesc.StartColor
PointPreset_BatMan0_0.json,PointPreset_BatMan0_0,point,other,0,Pow,1,Exp,Pow + Exp,6.0,1.7999999523162842,2.5,black,dark,0.052287583549817405,0.052287583549817405,0.052287583549817405,custom_json,3,0,BloomColor;PointDesc.EndColor;PointDesc.StartColor
PointPreset_BattleSymphony3_0.json,PointPreset_BattleSymphony3_0,point,music,0,Pow,0,None,Pow + None,6.0,1.7999999523162842,2.5,red,dark,1.0,0.0,0.0,custom_json,1,2,BloomColor
PointPreset_BattleSymphonyGlow0_0.json,PointPreset_BattleSymphonyGlow0_0,point,holy_light,0,Pow,0,None,Pow + None,4.5,0.10000000149011612,0.30000001192092896,blue,mid,0.2607843205332756,0.28823530673980713,1.0,custom_json,2,1,PointDesc.EndColor;PointDesc.StartColor
PointPreset_BattleSymphonyGlow0_1.json,PointPreset_BattleSymphonyGlow0_1,point,holy_light,0,Pow,0,None,Pow + None,4.5,6.300000190734863,0.30000001192092896,texture_or_default,unknown,,,,engine_default_or_texture,0,3,
PointPreset_BattleSymphonyWeaponGlow0_0.json,PointPreset_BattleSymphonyWeaponGlow0_0,point,fire,1,LinExp,0,None,LinExp + None,10.199999809265137,1.7999999523162842,2.5,black,dark,0.0,0.0,0.0,custom_json,1,2,BloomColor
PointPreset_BattleSymphonyWeaponGlow0_1.json,PointPreset_BattleSymphonyWeaponGlow0_1,point,holy_light,0,Pow,0,None,Pow + None,10.199999809265137,2.299999952316284,2.5,black,dark,0.0,0.0,0.0,custom_json,1,2,BloomColor
PointPreset_BirdFly0_0.json,PointPreset_BirdFly0_0,point,other,0,Pow,1,Exp,Pow + Exp,6.0,1.7999999523162842,2.5,black,dark,0.0,0.0,0.0,custom_json,1,2,BloomColor
PointPreset_BlueFire_0.json,PointPreset_BlueFire_0,point,fire,0,Pow,0,None,Pow + None,8.300000190734863,1.7999999523162842,2.5,cyan,mid,0.0,0.6666666666666666,1.0,custom_json,3,0,BloomColor;PointDesc.EndColor;PointDesc.StartColor
PointPreset_BlueFire_1.json,PointPreset_BlueFire_1,point,fire,0,Pow,0,None,Pow + None,8.300000190734863,1.7999999523162842,2.5,cyan,mid,0.18300654490788779,0.7424836605787277,1.0,custom_json,3,0,BloomColor;PointDesc.EndColor;PointDesc.StartColor
PointPreset_BlueFire_2.json,PointPreset_BlueFire_2,point,fire,0,Pow,0,None,Pow + None,8.300000190734863,1.7999999523162842,2.5,blue,mid,0.23790850241978964,0.46274511019388836,1.0,custom_json,3,0,BloomColor;PointDesc.EndColor;PointDesc.StartColor
PointPreset_CampFire_0.json,PointPreset_CampFire_0,point,fire,0,Pow,0,None,Pow + None,6.0,2.799999952316284,2.5,orange,mid,0.6666666666666666,0.3333333333333333,0.0,custom_json,3,0,BloomColor;PointDesc.EndColor;PointDesc.StartColor
PointPreset_CampFire_1.json,PointPreset_CampFire_1,point,fire,0,Pow,0,None,Pow + None,6.0,2.799999952316284,2.5,orange,mid,0.6666666666666666,0.3333333333333333,0.0,custom_json,3,0,BloomColor;PointDesc.EndColor;PointDesc.StartColor
PointPreset_CampFire_2.json,PointPreset_CampFire_2,point,fire,0,Pow,0,None,Pow + None,6.0,2.799999952316284,2.5,orange,mid,0.6666666666666666,0.3333333333333333,0.0,custom_json,3,0,BloomColor;PointDesc.EndColor;PointDesc.StartColor
PointPreset_DarkHand0_0.json,PointPreset_DarkHand0_0,point,dark,0,Pow,0,None,Pow + None,6.0,1.7999999523162842,2.5,red,dark,0.33464054266611737,0.0,0.0,custom_json,3,0,BloomColor;PointDesc.EndColor;PointDesc.StartColor
PointPreset_DiggerHideSmoke0_0.json,PointPreset_DiggerHideSmoke0_0,point,smoke_dust,0,Pow,1,Exp,Pow + Exp,6.0,1.7999999523162842,2.5,orange,mid,0.5490196148554484,0.49673203627268475,0.41830066839853924,custom_json,3,0,BloomColor;PointDesc.EndColor;PointDesc.StartColor
PointPreset_DiggerHideSmokeEnd0_0.json,PointPreset_DiggerHideSmokeEnd0_0,point,smoke_dust,0,Pow,1,Exp,Pow + Exp,6.0,1.7999999523162842,2.5,orange,mid,0.5490196148554484,0.49673203627268475,0.41830066839853924,custom_json,3,0,BloomColor;PointDesc.EndColor;PointDesc.StartColor
PointPreset_DiggerPoisonAttackSpit0_0.json,PointPreset_DiggerPoisonAttackSpit0_0,point,smoke_dust,0,Pow,1,Exp,Pow + Exp,6.0,1.7999999523162842,2.5,green,mid,0.14248366157213846,0.6666666666666666,0.1372549037138621,custom_json,3,0,BloomColor;PointDesc.EndColor;PointDesc.StartColor
PointPreset_DiggerSpawnSmoke0_0.json,PointPreset_DiggerSpawnSmoke0_0,point,smoke_dust,0,Pow,1,Exp,Pow + Exp,6.0,0.10000000149011612,2.5,orange,mid,0.5490196148554484,0.49673203627268475,0.41830066839853924,custom_json,3,0,BloomColor;PointDesc.EndColor;PointDesc.StartColor
PointPreset_DiggerSpawnSmoke0_1.json,PointPreset_DiggerSpawnSmoke0_1,point,smoke_dust,0,Pow,1,Exp,Pow + Exp,6.0,1.7999999523162842,2.5,orange,mid,0.5490196148554484,0.49673203627268475,0.41830066839853924,custom_json,3,0,BloomColor;PointDesc.EndColor;PointDesc.StartColor
PointPreset_DiggerSpit0_0.json,PointPreset_DiggerSpit0_0,point,other,0,Pow,1,Exp,Pow + Exp,6.0,1.7999999523162842,2.5,green,mid,0.002614379239579042,0.6666666666666666,0.002614379239579042,custom_json,3,0,BloomColor;PointDesc.EndColor;PointDesc.StartColor
PointPreset_Dust0_0.json,PointPreset_Dust0_0,point,smoke_dust,0,Pow,0,None,Pow + None,8.0,1.7999999523162842,2.0,orange,mid,0.686274528503418,0.6078431606292725,0.47058825194835663,custom_json,2,1,PointDesc.EndColor;PointDesc.StartColor
PointPreset_Dust0_1.json,PointPreset_Dust0_1,point,smoke_dust,0,Pow,0,None,Pow + None,8.0,1.7999999523162842,2.0,orange,mid,0.4313725531101227,0.37254902720451355,0.29411765933036804,custom_json,2,1,PointDesc.EndColor;PointDesc.StartColor
PointPreset_EmotionCaution0_0.json,PointPreset_EmotionCaution0_0,point,other,0,Pow,0,None,Pow + None,6.0,1.7999999523162842,2.5,black,dark,0.0,0.0,0.0,custom_json,1,2,BloomColor
PointPreset_EmotionGlow0_0.json,PointPreset_EmotionGlow0_0,point,holy_light,0,Pow,0,None,Pow + None,6.0,3.0999999046325684,2.5,yellow,bright,1.0,1.0,0.0,custom_json,1,2,BloomColor
PointPreset_EmotionGlow0_1.json,PointPreset_EmotionGlow0_1,point,holy_light,0,Pow,0,None,Pow + None,6.0,3.0999999046325684,2.5,texture_or_default,unknown,,,,engine_default_or_texture,0,3,
PointPreset_EmotionGlow0_2.json,PointPreset_EmotionGlow0_2,point,holy_light,0,Pow,0,None,Pow + None,6.0,3.0999999046325684,2.5,magenta,mid,1.0,0.4274509847164154,1.0,custom_json,1,2,BloomColor
PointPreset_EmotionGlow0_3.json,PointPreset_EmotionGlow0_3,point,holy_light,0,Pow,0,None,Pow + None,6.0,3.0999999046325684,2.5,magenta,mid,0.9764705896377563,0.0,1.0,custom_json,1,2,BloomColor
PointPreset_EmotionGlow0_4.json,PointPreset_EmotionGlow0_4,point,holy_light,0,Pow,0,None,Pow + None,6.0,3.0999999046325684,2.5,green,bright,0.0,1.0,0.0784313753247261,custom_json,1,2,BloomColor
PointPreset_EmotionLightBulb0_0.json,PointPreset_EmotionLightBulb0_0,point,holy_light,0,Pow,1,Exp,Pow + Exp,6.0,1.7999999523162842,2.5,texture_or_default,unknown,,,,engine_default_or_texture,0,3,
PointPreset_EmotionMess0_0.json,PointPreset_EmotionMess0_0,point,other,0,Pow,1,Exp,Pow + Exp,6.0,1.7999999523162842,2.5,texture_or_default,unknown,,,,engine_default_or_texture,0,3,
PointPreset_EmotionThink0_0.json,PointPreset_EmotionThink0_0,point,other,0,Pow,1,Exp,Pow + Exp,6.0,1.7999999523162842,2.5,texture_or_default,unknown,,,,engine_default_or_texture,0,3,
PointPreset_FlameBreathArea0_0.json,PointPreset_FlameBreathArea0_0,point,fire,0,Pow,1,Exp,Pow + Exp,6.0,1.399999976158142,2.5,red,mid,1.0,0.33464054266611737,0.17254902919133505,custom_json,3,0,BloomColor;PointDesc.EndColor;PointDesc.StartColor
PointPreset_GargoyleRushshockwave0_0.json,PointPreset_GargoyleRushshockwave0_0,point,lightning,1,LinExp,1,Exp,LinExp + Exp,2.5999999046325684,1.7999999523162842,0.0,gray,mid,0.47058823704719543,0.47058823704719543,0.47058823704719543,custom_json,2,1,PointDesc.EndColor;PointDesc.StartColor
PointPreset_GargoyleShotGun0_0.json,PointPreset_GargoyleShotGun0_0,point,lightning,0,Pow,1,Exp,Pow + Exp,11.600000381469727,0.10000000149011612,2.5,gray,dark,0.23529411852359772,0.23529411852359772,0.23529411852359772,custom_json,2,1,PointDesc.EndColor;PointDesc.StartColor
PointPreset_GargoyleShotGun0_1.json,PointPreset_GargoyleShotGun0_1,point,smoke_dust,0,Pow,1,Exp,Pow + Exp,11.600000381469727,0.10000000149011612,2.5,gray,dark,0.23529411852359772,0.23529411852359772,0.23529411852359772,custom_json,2,1,PointDesc.EndColor;PointDesc.StartColor
PointPreset_GetDropItem0_0.json,PointPreset_GetDropItem0_0,point,holy_light,0,Pow,0,None,Pow + None,6.0,1.7999999523162842,2.5,black,dark,0.0,0.0,0.0,custom_json,1,2,BloomColor
PointPreset_GhostPriestBaseAttack0_0.json,PointPreset_GhostPriestBaseAttack0_0,point,dark,0,Pow,0,None,Pow + None,6.0,3.4000000953674316,2.5,green,mid,0.0,0.6666666666666666,0.0,custom_json,3,0,BloomColor;PointDesc.EndColor;PointDesc.StartColor
PointPreset_GhostPriestTearingScream0_0.json,PointPreset_GhostPriestTearingScream0_0,point,dark,0,Pow,0,None,Pow + None,6.0,0.10000000149011612,2.5,red,dark,0.6666666666666666,0.0,0.0,custom_json,3,0,BloomColor;PointDesc.EndColor;PointDesc.StartColor
PointPreset_GhostPriestTearingScream0_1.json,PointPreset_GhostPriestTearingScream0_1,point,dark,0,Pow,0,None,Pow + None,6.0,0.10000000149011612,2.5,red,dark,0.6666666666666666,0.0,0.0,custom_json,3,0,BloomColor;PointDesc.EndColor;PointDesc.StartColor
PointPreset_GhostPriestTearingScreamExplosion0_0.json,PointPreset_GhostPriestTearingScreamExplosion0_0,point,dark,0,Pow,0,None,Pow + None,6.0,0.10000000149011612,2.5,red,dark,0.6666666666666666,0.0,0.0,custom_json,3,0,BloomColor;PointDesc.EndColor;PointDesc.StartColor
PointPreset_GhostPriestTearingScreamExplosion0_1.json,PointPreset_GhostPriestTearingScreamExplosion0_1,point,dark,0,Pow,0,None,Pow + None,6.0,0.10000000149011612,2.5,red,dark,0.6666666666666666,0.0,0.0,custom_json,3,0,BloomColor;PointDesc.EndColor;PointDesc.StartColor
PointPreset_GlasGavelenCutSceneSmoke0_0.json,PointPreset_GlasGavelenCutSceneSmoke0_0,point,smoke_dust,0,Pow,1,Exp,Pow + Exp,6.0,1.7999999523162842,2.5,gray,dark,0.20915033419926962,0.20915033419926962,0.20915033419926962,custom_json,3,0,BloomColor;PointDesc.EndColor;PointDesc.StartColor
PointPreset_GlasGavelenDeadFlare0_0.json,PointPreset_GlasGavelenDeadFlare0_0,point,holy_light,0,Pow,1,Exp,Pow + Exp,6.0,1.7999999523162842,2.5,red,dark,0.6666666666666666,0.0,0.03398692856232325,custom_json,3,0,BloomColor;PointDesc.EndColor;PointDesc.StartColor
PointPreset_GlasGavelenDefaultAttack0_0.json,PointPreset_GlasGavelenDefaultAttack0_0,point,holy_light,0,Pow,0,None,Pow + None,6.0,1.7999999523162842,2.5,red,dark,0.500653604666392,0.0,0.0,custom_json,3,0,BloomColor;PointDesc.EndColor;PointDesc.StartColor
PointPreset_GlasGavelenDefaultAttack1_0.json,PointPreset_GlasGavelenDefaultAttack1_0,point,holy_light,0,Pow,0,None,Pow + None,6.0,1.7999999523162842,2.5,red,dark,0.500653604666392,0.0,0.0,custom_json,3,0,BloomColor;PointDesc.EndColor;PointDesc.StartColor
PointPreset_GlasGavelenDefaultAttack2_0.json,PointPreset_GlasGavelenDefaultAttack2_0,point,holy_light,0,Pow,1,Exp,Pow + Exp,6.0,1.7999999523162842,2.5,orange,mid,0.6666666666666666,0.4052287737528483,0.0,custom_json,3,0,BloomColor;PointDesc.EndColor;PointDesc.StartColor
PointPreset_GlasGavelenDoombrand1_0.json,PointPreset_GlasGavelenDoombrand1_0,point,holy_light,0,Pow,1,Exp,Pow + Exp,6.0,1.7999999523162842,2.5,red,dark,0.6666666666666666,0.0,0.0,custom_json,3,0,BloomColor;PointDesc.EndColor;PointDesc.StartColor
PointPreset_GlasGavelenDoombrand1_1.json,PointPreset_GlasGavelenDoombrand1_1,point,holy_light,0,Pow,1,Exp,Pow + Exp,6.0,1.7999999523162842,2.5,red,dark,0.6666666666666666,0.0,0.0,custom_json,3,0,BloomColor;PointDesc.EndColor;PointDesc.StartColor
PointPreset_GlasGavelenExplosionSmoke0_1.json,PointPreset_GlasGavelenExplosionSmoke0_1,point,explosion,0,Pow,1,Exp,Pow + Exp,6.0,1.7999999523162842,2.5,black,dark,0.07843137284119923,0.07843137284119923,0.07843137284119923,custom_json,3,0,BloomColor;PointDesc.EndColor;PointDesc.StartColor
PointPreset_GlasGavelenExplosionSmoke0_2.json,PointPreset_GlasGavelenExplosionSmoke0_2,point,explosion,0,Pow,1,Exp,Pow + Exp,6.0,1.7999999523162842,2.5,black,dark,0.0,0.0,0.0,custom_json,1,2,BloomColor
PointPreset_GlasGavelenExplosionSmoke0_3.json,PointPreset_GlasGavelenExplosionSmoke0_3,point,holy_light,0,Pow,1,Exp,Pow + Exp,6.0,1.7999999523162842,2.5,orange,mid,0.6666666666666666,0.3333333333333333,0.0,custom_json,3,0,BloomColor;PointDesc.EndColor;PointDesc.StartColor
PointPreset_GlasGavelenExplosionSmoke0_4.json,PointPreset_GlasGavelenExplosionSmoke0_4,point,holy_light,0,Pow,1,Exp,Pow + Exp,6.0,1.7999999523162842,2.5,orange,mid,0.6666666666666666,0.3333333333333333,0.0,custom_json,3,0,BloomColor;PointDesc.EndColor;PointDesc.StartColor
PointPreset_GlasGavelenFlameArea0_0.json,PointPreset_GlasGavelenFlameArea0_0,point,fire,0,Pow,1,Exp,Pow + Exp,6.0,1.7999999523162842,2.5,orange,mid,0.6666666666666666,0.3333333333333333,0.0,custom_json,3,0,BloomColor;PointDesc.EndColor;PointDesc.StartColor
PointPreset_GlasGavelenFlameArea0_1.json,PointPreset_GlasGavelenFlameArea0_1,point,fire,0,Pow,1,Exp,Pow + Exp,6.0,1.7999999523162842,2.5,red,dark,0.14117647210756937,0.0,0.0,custom_json,3,0,BloomColor;PointDesc.EndColor;PointDesc.StartColor
PointPreset_GlasGavelenFlameArea0_2.json,PointPreset_GlasGavelenFlameArea0_2,point,fire,0,Pow,1,Exp,Pow + Exp,6.0,0.10000000149011612,2.5,red,dark,0.14117647210756937,0.0,0.0,custom_json,3,0,BloomColor;PointDesc.EndColor;PointDesc.StartColor
PointPreset_GlasGavelenFlameArea0_3.json,PointPreset_GlasGavelenFlameArea0_3,point,fire,0,Pow,1,Exp,Pow + Exp,6.0,1.5,2.5,black,dark,0.0,0.0,0.0,custom_json,3,0,BloomColor;PointDesc.EndColor;PointDesc.StartColor
PointPreset_GlasGavelenFlameArea0_4.json,PointPreset_GlasGavelenFlameArea0_4,point,fire,0,Pow,1,Exp,Pow + Exp,6.0,1.7999999523162842,2.5,orange,mid,0.6666666666666666,0.3333333333333333,0.0,custom_json,3,0,BloomColor;PointDesc.EndColor;PointDesc.StartColor
PointPreset_GlasGavelenFlameArea0_5.json,PointPreset_GlasGavelenFlameArea0_5,point,fire,0,Pow,1,Exp,Pow + Exp,6.0,1.7999999523162842,2.5,red,dark,0.14117647210756937,0.0,0.0,custom_json,3,0,BloomColor;PointDesc.EndColor;PointDesc.StartColor
PointPreset_GlasGavelenFlameArea0_6.json,PointPreset_GlasGavelenFlameArea0_6,point,fire,0,Pow,1,Exp,Pow + Exp,6.0,0.10000000149011612,2.5,red,dark,0.14117647210756937,0.0,0.0,custom_json,3,0,BloomColor;PointDesc.EndColor;PointDesc.StartColor
PointPreset_GlasGavelenFlameArea0_7.json,PointPreset_GlasGavelenFlameArea0_7,point,fire,0,Pow,1,Exp,Pow + Exp,6.0,1.5,2.5,black,dark,0.0,0.0,0.0,custom_json,3,0,BloomColor;PointDesc.EndColor;PointDesc.StartColor
PointPreset_GlasGavelenFlameBreath0_0.json,PointPreset_GlasGavelenFlameBreath0_0,point,fire,0,Pow,0,None,Pow + None,6.0,1.0,2.5,orange,mid,0.6666666666666666,0.3333333333333333,0.0,custom_json,3,0,BloomColor;PointDesc.EndColor;PointDesc.StartColor
PointPreset_GlasGavelenFlameBreathEnd0_0.json,PointPreset_GlasGavelenFlameBreathEnd0_0,point,fire,0,Pow,0,None,Pow + None,6.0,1.0,2.5,orange,mid,0.6666666666666666,0.3333333333333333,0.0,custom_json,3,0,BloomColor;PointDesc.EndColor;PointDesc.StartColor
PointPreset_GlasGavelenFlameEruption0_0.json,PointPreset_GlasGavelenFlameEruption0_0,point,fire,0,Pow,1,Exp,Pow + Exp,6.0,2.299999952316284,2.5,orange,mid,0.6666666666666666,0.3333333333333333,0.0,custom_json,3,0,BloomColor;PointDesc.EndColor;PointDesc.StartColor
PointPreset_GlasGavelenFlameEruption0_1.json,PointPreset_GlasGavelenFlameEruption0_1,point,fire,0,Pow,1,Exp,Pow + Exp,6.0,2.299999952316284,2.5,orange,mid,0.6666666666666666,0.3333333333333333,0.0,custom_json,3,0,BloomColor;PointDesc.EndColor;PointDesc.StartColor
PointPreset_GlasGavelenFlameEruptionEnd0_0.json,PointPreset_GlasGavelenFlameEruptionEnd0_0,point,fire,0,Pow,1,Exp,Pow + Exp,6.0,2.299999952316284,2.5,orange,mid,0.6666666666666666,0.3333333333333333,0.0,custom_json,3,0,BloomColor;PointDesc.EndColor;PointDesc.StartColor
PointPreset_GlasGavelenFlameEruptionFireBall0_0.json,PointPreset_GlasGavelenFlameEruptionFireBall0_0,point,fire,0,Pow,1,Exp,Pow + Exp,30.0,1.899999976158142,2.5,orange,mid,0.6666666666666666,0.3333333333333333,0.0,custom_json,3,0,BloomColor;PointDesc.EndColor;PointDesc.StartColor
PointPreset_GlasGavelenFlameEruptionFireBall0_1.json,PointPreset_GlasGavelenFlameEruptionFireBall0_1,point,fire,0,Pow,1,Exp,Pow + Exp,30.0,1.899999976158142,2.5,orange,mid,0.6666666666666666,0.3333333333333333,0.0,custom_json,3,0,BloomColor;PointDesc.EndColor;PointDesc.StartColor
PointPreset_GlasGavelenFlare0_0.json,PointPreset_GlasGavelenFlare0_0,point,holy_light,0,Pow,1,Exp,Pow + Exp,6.0,1.7999999523162842,2.5,red,dark,0.6666666666666666,0.0,0.03398692856232325,custom_json,3,0,BloomColor;PointDesc.EndColor;PointDesc.StartColor
PointPreset_GlasGavelenFlare0_1.json,PointPreset_GlasGavelenFlare0_1,point,holy_light,0,Pow,1,Exp,Pow + Exp,6.0,1.7999999523162842,2.5,red,dark,0.6666666666666666,0.0,0.03398692856232325,custom_json,3,0,BloomColor;PointDesc.EndColor;PointDesc.StartColor
PointPreset_GlasGavelenLaserBeam0_0.json,PointPreset_GlasGavelenLaserBeam0_0,point,holy_light,0,Pow,0,None,Pow + None,19.100000381469727,1.0,2.5,purple,mid,0.5411764780680338,0.24052288134892783,0.6666666666666666,custom_json,3,0,BloomColor;PointDesc.EndColor;PointDesc.StartColor
PointPreset_GlasGavelenLaserBeam0_1.json,PointPreset_GlasGavelenLaserBeam0_1,point,holy_light,0,Pow,0,None,Pow + None,19.100000381469727,1.0,2.5,purple,mid,0.5411764780680338,0.24052288134892783,0.6666666666666666,custom_json,3,0,BloomColor;PointDesc.EndColor;PointDesc.StartColor
PointPreset_GlasGavelenLaserBeam0_2.json,PointPreset_GlasGavelenLaserBeam0_2,point,holy_light,0,Pow,0,None,Pow + None,19.100000381469727,1.0,2.5,red,mid,1.0,0.24052288134892783,0.0,custom_json,3,0,BloomColor;PointDesc.EndColor;PointDesc.StartColor
PointPreset_GlasGavelenLaserBeam0_3.json,PointPreset_GlasGavelenLaserBeam0_3,point,holy_light,0,Pow,0,None,Pow + None,19.100000381469727,1.0,2.5,red,mid,1.0,0.24052288134892783,0.0,custom_json,3,0,BloomColor;PointDesc.EndColor;PointDesc.StartColor
PointPreset_GlasGavelenLaserBeamChanneling0_0.json,PointPreset_GlasGavelenLaserBeamChanneling0_0,point,smoke_dust,0,Pow,0,None,Pow + None,6.0,1.0,2.5,orange,mid,0.6666666666666666,0.3333333333333333,0.0,custom_json,3,0,BloomColor;PointDesc.EndColor;PointDesc.StartColor
PointPreset_GlasGavelenLaserBeamChanneling0_1.json,PointPreset_GlasGavelenLaserBeamChanneling0_1,point,fire,0,Pow,1,Exp,Pow + Exp,6.0,1.2000000476837158,2.5,red,mid,1.0,0.33464054266611737,0.17254902919133505,custom_json,3,0,BloomColor;PointDesc.EndColor;PointDesc.StartColor
PointPreset_GlasGavelenLaserBeamChanneling0_2.json,PointPreset_GlasGavelenLaserBeamChanneling0_2,point,fire,0,Pow,0,None,Pow + None,6.0,1.399999976158142,2.5,red,mid,1.0,0.33464054266611737,0.17254902919133505,custom_json,3,0,BloomColor;PointDesc.EndColor;PointDesc.StartColor
PointPreset_GlasGavelenLaserBeamChanneling0_3.json,PointPreset_GlasGavelenLaserBeamChanneling0_3,point,smoke_dust,0,Pow,1,Exp,Pow + Exp,6.0,0.6000000238418579,2.5,red,dark,0.5,0.0,0.0,custom_json,2,1,BloomColor;PointDesc.EndColor
PointPreset_GlasGavelenLaserBeamChanneling0_4.json,PointPreset_GlasGavelenLaserBeamChanneling0_4,point,smoke_dust,0,Pow,0,None,Pow + None,6.0,1.0,2.5,orange,mid,0.6666666666666666,0.3333333333333333,0.0,custom_json,3,0,BloomColor;PointDesc.EndColor;PointDesc.StartColor
PointPreset_GlasGavelenLaserBeamChanneling0_5.json,PointPreset_GlasGavelenLaserBeamChanneling0_5,point,fire,0,Pow,1,Exp,Pow + Exp,6.0,1.2000000476837158,2.5,red,mid,1.0,0.33464054266611737,0.17254902919133505,custom_json,3,0,BloomColor;PointDesc.EndColor;PointDesc.StartColor
PointPreset_GlasGavelenLaserBeamChanneling0_6.json,PointPreset_GlasGavelenLaserBeamChanneling0_6,point,fire,0,Pow,0,None,Pow + None,6.0,1.399999976158142,2.5,red,mid,1.0,0.33464054266611737,0.17254902919133505,custom_json,3,0,BloomColor;PointDesc.EndColor;PointDesc.StartColor
PointPreset_GlasGavelenLaserBeamChanneling0_7.json,PointPreset_GlasGavelenLaserBeamChanneling0_7,point,smoke_dust,0,Pow,1,Exp,Pow + Exp,6.0,0.6000000238418579,2.5,red,dark,0.5,0.0,0.0,custom_json,2,1,BloomColor;PointDesc.EndColor
PointPreset_GlasGavelenLaserBeamChanneling0_8.json,PointPreset_GlasGavelenLaserBeamChanneling0_8,point,fire,1,LinExp,0,None,LinExp + None,6.0,0.10000000149011612,2.5,red,mid,1.0,0.33464054266611737,0.17254902919133505,custom_json,3,0,BloomColor;PointDesc.EndColor;PointDesc.StartColor
PointPreset_GlasGavelenLaserBeamChanneling0_9.json,PointPreset_GlasGavelenLaserBeamChanneling0_9,point,fire,1,LinExp,0,None,LinExp + None,6.0,0.10000000149011612,2.5,red,mid,1.0,0.33464054266611737,0.17254902919133505,custom_json,3,0,BloomColor;PointDesc.EndColor;PointDesc.StartColor
PointPreset_GlasGavelenLeapAttack0_0.json,PointPreset_GlasGavelenLeapAttack0_0,point,smoke_dust,0,Pow,1,Exp,Pow + Exp,6.0,1.7999999523162842,2.5,gray,dark,0.11764705926179886,0.11764705926179886,0.11764705926179886,custom_json,2,1,BloomColor;PointDesc.StartColor
PointPreset_GlasGavelenLeapAttack1_0.json,PointPreset_GlasGavelenLeapAttack1_0,point,smoke_dust,0,Pow,1,Exp,Pow + Exp,6.0,1.7999999523162842,2.5,texture_or_default,unknown,,,,engine_default_or_texture,0,3,
PointPreset_GlasGavelenLeapAttackSmoke0_0.json,PointPreset_GlasGavelenLeapAttackSmoke0_0,point,smoke_dust,0,Pow,1,Exp,Pow + Exp,6.0,1.7999999523162842,2.5,gray,dark,0.11764705926179886,0.11764705926179886,0.11764705926179886,custom_json,2,1,BloomColor;PointDesc.StartColor
PointPreset_GlasGavelenRushSmoke0_0.json,PointPreset_GlasGavelenRushSmoke0_0,point,smoke_dust,0,Pow,1,Exp,Pow + Exp,6.0,1.7000000476837158,2.5,gray,mid,0.2718954384326935,0.2718954384326935,0.2718954384326935,custom_json,3,0,BloomColor;PointDesc.EndColor;PointDesc.StartColor
PointPreset_HitType0_0.json,PointPreset_HitType0_0,point,lightning,0,Pow,0,None,Pow + None,20.700000762939453,0.10000000149011612,2.5,orange,mid,1.0,0.48366015156110126,0.13071895639101663,custom_json,3,0,BloomColor;PointDesc.EndColor;PointDesc.StartColor
PointPreset_HitType0_1.json,PointPreset_HitType0_1,point,other,0,Pow,0,None,Pow + None,6.0,1.7999999523162842,2.5,orange,mid,1.0,0.48366015156110126,0.0,custom_json,3,0,BloomColor;PointDesc.EndColor;PointDesc.StartColor
PointPreset_IceAge0_0.json,PointPreset_IceAge0_0,point,ice,0,Pow,1,Exp,Pow + Exp,6.0,1.7999999523162842,2.5,blue,mid,0.32156863808631897,0.457516352335612,0.6666666666666666,custom_json,3,0,BloomColor;PointDesc.EndColor;PointDesc.StartColor
PointPreset_IceAge0_1.json,PointPreset_IceAge0_1,point,ice,0,Pow,1,Exp,Pow + Exp,6.0,1.7999999523162842,2.5,blue,mid,0.32156863808631897,0.457516352335612,0.6666666666666666,custom_json,3,0,BloomColor;PointDesc.EndColor;PointDesc.StartColor
PointPreset_IceAge0_2.json,PointPreset_IceAge0_2,point,ice,0,Pow,1,Exp,Pow + Exp,6.0,1.7999999523162842,2.5,blue,mid,0.32156863808631897,0.457516352335612,0.6666666666666666,custom_json,3,0,BloomColor;PointDesc.EndColor;PointDesc.StartColor
PointPreset_IceAge0_3.json,PointPreset_IceAge0_3,point,ice,0,Pow,1,Exp,Pow + Exp,6.0,1.7999999523162842,2.5,blue,mid,0.32156863808631897,0.457516352335612,0.6666666666666666,custom_json,3,0,BloomColor;PointDesc.EndColor;PointDesc.StartColor
PointPreset_IceAge0_4.json,PointPreset_IceAge0_4,point,ice,0,Pow,1,Exp,Pow + Exp,6.0,1.7999999523162842,2.5,blue,mid,0.32156863808631897,0.457516352335612,0.6666666666666666,custom_json,3,0,BloomColor;PointDesc.EndColor;PointDesc.StartColor
PointPreset_IceAge0_5.json,PointPreset_IceAge0_5,point,ice,0,Pow,1,Exp,Pow + Exp,6.0,1.7999999523162842,2.5,blue,mid,0.32156863808631897,0.457516352335612,0.6666666666666666,custom_json,3,0,BloomColor;PointDesc.EndColor;PointDesc.StartColor
PointPreset_IceMageDefaultAttack0_0.json,PointPreset_IceMageDefaultAttack0_0,point,ice,0,Pow,1,Exp,Pow + Exp,6.0,1.100000023841858,2.5,blue,mid,0.0,0.33986930052439374,0.6666666666666666,custom_json,3,0,BloomColor;PointDesc.EndColor;PointDesc.StartColor
PointPreset_IceMageDefaultAttack1_0.json,PointPreset_IceMageDefaultAttack1_0,point,ice,0,Pow,1,Exp,Pow + Exp,6.0,1.100000023841858,2.5,blue,mid,0.0,0.33986930052439374,0.6666666666666666,custom_json,3,0,BloomColor;PointDesc.EndColor;PointDesc.StartColor
PointPreset_IceMageDefaultAttack2_0.json,PointPreset_IceMageDefaultAttack2_0,point,ice,0,Pow,1,Exp,Pow + Exp,6.0,1.100000023841858,2.5,blue,mid,0.0,0.33986930052439374,0.6666666666666666,custom_json,3,0,BloomColor;PointDesc.EndColor;PointDesc.StartColor
PointPreset_IceMageDefaultAttack2_1.json,PointPreset_IceMageDefaultAttack2_1,point,ice,0,Pow,1,Exp,Pow + Exp,6.0,1.100000023841858,2.5,blue,mid,0.0,0.33986930052439374,0.6666666666666666,custom_json,3,0,BloomColor;PointDesc.EndColor;PointDesc.StartColor
PointPreset_IceMageDefaultAttack2_2.json,PointPreset_IceMageDefaultAttack2_2,point,ice,0,Pow,1,Exp,Pow + Exp,6.0,1.100000023841858,2.5,blue,mid,0.0,0.33986930052439374,0.6666666666666666,custom_json,3,0,BloomColor;PointDesc.EndColor;PointDesc.StartColor
PointPreset_IceMageFreezingField0_0.json,PointPreset_IceMageFreezingField0_0,point,ice,0,Pow,0,None,Pow + None,6.0,1.399999976158142,2.5,blue,mid,0.4705882469813029,0.5751634041468302,0.6666666666666666,custom_json,3,0,BloomColor;PointDesc.EndColor;PointDesc.StartColor
PointPreset_IceMageFreezingField0_1.json,PointPreset_IceMageFreezingField0_1,point,ice,0,Pow,1,Exp,Pow + Exp,6.0,1.7999999523162842,2.5,cyan,mid,0.38692811131477356,0.6248366038004557,0.6549019614855448,custom_json,3,0,BloomColor;PointDesc.EndColor;PointDesc.StartColor
PointPreset_IceMageFreezingField0_2.json,PointPreset_IceMageFreezingField0_2,point,ice,0,Pow,1,Exp,Pow + Exp,6.0,1.7999999523162842,2.5,gray,mid,0.45098039507865906,0.5,0.5,custom_json,2,1,BloomColor;PointDesc.EndColor
PointPreset_IceMageFreezingFieldSmoke0_0.json,PointPreset_IceMageFreezingFieldSmoke0_0,point,ice,0,Pow,0,None,Pow + None,6.0,1.399999976158142,2.5,blue,mid,0.4705882469813029,0.5751634041468302,0.6666666666666666,custom_json,3,0,BloomColor;PointDesc.EndColor;PointDesc.StartColor
PointPreset_IceMageFrozenOrb0_0.json,PointPreset_IceMageFrozenOrb0_0,point,ice,0,Pow,1,Exp,Pow + Exp,6.0,1.7999999523162842,2.5,blue,mid,0.17254902919133505,0.4614379207293193,0.6549019614855448,custom_json,3,0,BloomColor;PointDesc.EndColor;PointDesc.StartColor
PointPreset_IceMageFrozenOrb0_1.json,PointPreset_IceMageFrozenOrb0_1,point,ice,0,Pow,1,Exp,Pow + Exp,6.0,1.7999999523162842,2.5,blue,mid,0.17254902919133505,0.4614379207293193,0.6549019614855448,custom_json,3,0,BloomColor;PointDesc.EndColor;PointDesc.StartColor
PointPreset_IceMageHitType0_0.json,PointPreset_IceMageHitType0_0,point,ice,0,Pow,1,Exp,Pow + Exp,6.0,1.7999999523162842,2.5,black,dark,0.0,0.0,0.0,custom_json,1,2,BloomColor
PointPreset_IceMageHitType0_1.json,PointPreset_IceMageHitType0_1,point,ice,0,Pow,1,Exp,Pow + Exp,6.0,1.7999999523162842,2.5,black,dark,0.0,0.0,0.0,custom_json,1,2,BloomColor
PointPreset_IceMageHitType0_2.json,PointPreset_IceMageHitType0_2,point,ice,0,Pow,1,Exp,Pow + Exp,6.0,1.7999999523162842,2.5,black,dark,0.0,0.0,0.0,custom_json,1,2,BloomColor
PointPreset_IceMageHitType0_3.json,PointPreset_IceMageHitType0_3,point,ice,0,Pow,0,None,Pow + None,6.0,0.5,2.5,blue,mid,0.17254902919133505,0.33986930052439374,0.6666666666666666,custom_json,3,0,BloomColor;PointDesc.EndColor;PointDesc.StartColor
PointPreset_IceMageSplitSlash0_0.json,PointPreset_IceMageSplitSlash0_0,point,ice,0,Pow,1,Exp,Pow + Exp,6.0,1.7999999523162842,2.5,cyan,mid,0.38692811131477356,0.6248366038004557,0.6549019614855448,custom_json,3,0,BloomColor;PointDesc.EndColor;PointDesc.StartColor
PointPreset_IceMageSplitSlash0_1.json,PointPreset_IceMageSplitSlash0_1,point,ice,0,Pow,1,Exp,Pow + Exp,6.0,1.7999999523162842,2.5,cyan,mid,0.38692811131477356,0.6248366038004557,0.6549019614855448,custom_json,3,0,BloomColor;PointDesc.EndColor;PointDesc.StartColor
PointPreset_IceMageSplitSlash0_2.json,PointPreset_IceMageSplitSlash0_2,point,ice,0,Pow,1,Exp,Pow + Exp,6.0,1.7999999523162842,2.5,cyan,mid,0.38692811131477356,0.6248366038004557,0.6549019614855448,custom_json,3,0,BloomColor;PointDesc.EndColor;PointDesc.StartColor
PointPreset_IceMageSplitSlash0_3.json,PointPreset_IceMageSplitSlash0_3,point,ice,0,Pow,1,Exp,Pow + Exp,6.0,1.7999999523162842,2.5,cyan,mid,0.38692811131477356,0.6248366038004557,0.6549019614855448,custom_json,3,0,BloomColor;PointDesc.EndColor;PointDesc.StartColor
PointPreset_IceMageSplitSlashGlow0_0.json,PointPreset_IceMageSplitSlashGlow0_0,point,ice,0,Pow,1,Exp,Pow + Exp,6.0,1.7999999523162842,2.5,cyan,mid,0.38692811131477356,0.6248366038004557,0.6549019614855448,custom_json,3,0,BloomColor;PointDesc.EndColor;PointDesc.StartColor
PointPreset_IceMageSplitSlashGlow0_1.json,PointPreset_IceMageSplitSlashGlow0_1,point,ice,0,Pow,1,Exp,Pow + Exp,6.0,1.7999999523162842,2.5,blue,dark,0.0,0.2549019753932953,0.5,custom_json,2,1,BloomColor;PointDesc.EndColor
PointPreset_IceMageSplitSlashGlow0_2.json,PointPreset_IceMageSplitSlashGlow0_2,point,ice,0,Pow,1,Exp,Pow + Exp,6.0,1.7999999523162842,2.5,blue,dark,0.0,0.2549019753932953,0.5,custom_json,2,1,BloomColor;PointDesc.EndColor
PointPreset_IceMageSplitSlashSwordEnd0_0.json,PointPreset_IceMageSplitSlashSwordEnd0_0,point,ice,0,Pow,0,None,Pow + None,6.0,1.7999999523162842,2.5,blue,mid,0.17254902919133505,0.4614379207293193,0.6549019614855448,custom_json,3,0,BloomColor;PointDesc.EndColor;PointDesc.StartColor
PointPreset_IceMageSwordEnd0_0.json,PointPreset_IceMageSwordEnd0_0,point,ice,0,Pow,0,None,Pow + None,6.0,1.7999999523162842,2.5,black,dark,0.0,0.0,0.0,custom_json,1,2,BloomColor
PointPreset_IceMageSwordEnd0_1.json,PointPreset_IceMageSwordEnd0_1,point,ice,0,Pow,0,None,Pow + None,6.0,1.7999999523162842,2.5,gray,bright,0.601307193438212,0.6666666666666666,0.6666666666666666,custom_json,3,0,BloomColor;PointDesc.EndColor;PointDesc.StartColor
PointPreset_IceOrb0_0.json,PointPreset_IceOrb0_0,point,ice,0,Pow,1,Exp,Pow + Exp,6.0,1.7999999523162842,2.5,black,dark,0.0,0.0,0.0,custom_json,1,2,BloomColor
PointPreset_IceOrb0_1.json,PointPreset_IceOrb0_1,point,ice,0,Pow,1,Exp,Pow + Exp,6.0,1.7999999523162842,2.5,black,dark,0.0,0.0,0.0,custom_json,1,2,BloomColor
PointPreset_KillType0_0.json,PointPreset_KillType0_0,point,other,0,Pow,0,None,Pow + None,4.099999904632568,1.7999999523162842,0.0,red,dark,1.0,0.0,0.0,custom_json,2,1,PointDesc.EndColor;PointDesc.StartColor
PointPreset_LaserBeamStart0_0.json,PointPreset_LaserBeamStart0_0,point,holy_light,0,Pow,1,Exp,Pow + Exp,6.0,1.7999999523162842,2.5,red,dark,0.6666666666666666,0.0,0.0,custom_json,3,0,BloomColor;PointDesc.EndColor;PointDesc.StartColor
PointPreset_LaserBeamStart0_1.json,PointPreset_LaserBeamStart0_1,point,holy_light,0,Pow,1,Exp,Pow + Exp,6.0,1.7999999523162842,2.5,red,dark,0.6666666666666666,0.0,0.0,custom_json,3,0,BloomColor;PointDesc.EndColor;PointDesc.StartColor
PointPreset_MapChimneySmoke0_0.json,PointPreset_MapChimneySmoke0_0,point,smoke_dust,0,Pow,0,None,Pow + None,6.0,1.7999999523162842,2.5,gray,dark,0.11764705926179886,0.11764705926179886,0.11764705926179886,custom_json,2,1,BloomColor;PointDesc.EndColor
PointPreset_MapChimneySmoke1_0.json,PointPreset_MapChimneySmoke1_0,point,smoke_dust,0,Pow,0,None,Pow + None,6.0,1.7999999523162842,2.5,gray,dark,0.11764705926179886,0.11764705926179886,0.11764705926179886,custom_json,2,1,BloomColor;PointDesc.EndColor
PointPreset_MapCloud0_0.json,PointPreset_MapCloud0_0,point,smoke_dust,0,Pow,0,None,Pow + None,6.0,2.0,2.5,black,dark,0.0,0.0,0.0,custom_json,1,2,BloomColor
PointPreset_MapCloud0_1.json,PointPreset_MapCloud0_1,point,smoke_dust,0,Pow,0,None,Pow + None,6.0,2.0,2.5,black,dark,0.0,0.0,0.0,custom_json,1,2,BloomColor
PointPreset_MapCloudNight0_0.json,PointPreset_MapCloudNight0_0,point,smoke_dust,0,Pow,0,None,Pow + None,6.0,2.0,2.5,gray,mid,0.31372549136479694,0.31372549136479694,0.31372549136479694,custom_json,3,0,BloomColor;PointDesc.EndColor;PointDesc.StartColor
PointPreset_MapDungeonCrystalBroken0_0.json,PointPreset_MapDungeonCrystalBroken0_0,point,holy_light,0,Pow,1,Exp,Pow + Exp,6.0,1.7999999523162842,2.5,black,dark,0.0,0.0,0.0,custom_json,1,2,BloomColor
PointPreset_MapDungeonSmoke0_0.json,PointPreset_MapDungeonSmoke0_0,point,smoke_dust,0,Pow,1,Exp,Pow + Exp,6.0,2.9000000953674316,2.5,black,dark,0.052287583549817405,0.052287583549817405,0.052287583549817405,custom_json,3,0,BloomColor;PointDesc.EndColor;PointDesc.StartColor
PointPreset_MapFireFly0_0.json,PointPreset_MapFireFly0_0,point,fire,0,Pow,0,None,Pow + None,12.199999809265137,1.7999999523162842,2.5,green,bright,0.8666666746139526,1.0,0.5150326987107595,custom_json,3,0,BloomColor;PointDesc.EndColor;PointDesc.StartColor
PointPreset_MapFloorPartSmoke0_0.json,PointPreset_MapFloorPartSmoke0_0,point,smoke_dust,0,Pow,1,Exp,Pow + Exp,6.0,1.7999999523162842,2.5,black,dark,0.0,0.0,0.0,custom_json,1,2,BloomColor
PointPreset_MapFloorPartSmoke0_1.json,PointPreset_MapFloorPartSmoke0_1,point,smoke_dust,0,Pow,1,Exp,Pow + Exp,6.0,1.7999999523162842,2.5,gray,dark,0.15686274568239847,0.15686274568239847,0.15686274568239847,custom_json,3,0,BloomColor;PointDesc.EndColor;PointDesc.StartColor
PointPreset_MapLaserBeamChanneling0_0.json,PointPreset_MapLaserBeamChanneling0_0,point,fire,0,Pow,1,Exp,Pow + Exp,6.0,1.7999999523162842,2.5,red,mid,1.0,0.33464054266611737,0.17254902919133505,custom_json,3,0,BloomColor;PointDesc.EndColor;PointDesc.StartColor
PointPreset_MapLaserBeamChanneling0_1.json,PointPreset_MapLaserBeamChanneling0_1,point,fire,0,Pow,1,Exp,Pow + Exp,6.0,1.7999999523162842,2.5,yellow,bright,0.8339869379997253,0.6679738759994507,0.16732027133305868,custom_json,3,0,BloomColor;PointDesc.EndColor;PointDesc.StartColor
PointPreset_MapLava0_0.json,PointPreset_MapLava0_0,point,fire,0,Pow,1,Exp,Pow + Exp,6.0,1.7999999523162842,2.5,orange,mid,0.6666666666666666,0.3333333333333333,0.0,custom_json,3,0,BloomColor;PointDesc.EndColor;PointDesc.StartColor
PointPreset_MapLava0_1.json,PointPreset_MapLava0_1,point,fire,0,Pow,1,Exp,Pow + Exp,6.0,1.7999999523162842,2.5,red,dark,0.14117647210756937,0.0,0.0,custom_json,3,0,BloomColor;PointDesc.EndColor;PointDesc.StartColor
PointPreset_MapLava0_2.json,PointPreset_MapLava0_2,point,fire,0,Pow,1,Exp,Pow + Exp,6.0,0.10000000149011612,2.5,red,dark,0.14117647210756937,0.0,0.0,custom_json,3,0,BloomColor;PointDesc.EndColor;PointDesc.StartColor
PointPreset_MapLava0_3.json,PointPreset_MapLava0_3,point,fire,0,Pow,1,Exp,Pow + Exp,6.0,1.5,2.5,black,dark,0.0,0.0,0.0,custom_json,3,0,BloomColor;PointDesc.EndColor;PointDesc.StartColor
PointPreset_MapMathDoor0_1.json,PointPreset_MapMathDoor0_1,point,smoke_dust,0,Pow,1,Exp,Pow + Exp,6.0,1.7999999523162842,2.5,black,dark,0.0,0.0,0.0,custom_json,1,2,BloomColor
PointPreset_MapMoonGateGlow0_0.json,PointPreset_MapMoonGateGlow0_0,point,holy_light,0,Pow,0,None,Pow + None,3.0999999046325684,0.10000000149011612,2.5,cyan,mid,0.40261439482371014,0.6405228773752848,0.6666666666666666,custom_json,3,0,BloomColor;PointDesc.EndColor;PointDesc.StartColor
PointPreset_MapMorrighanBat0_0.json,PointPreset_MapMorrighanBat0_0,point,other,0,Pow,1,Exp,Pow + Exp,6.0,1.7999999523162842,2.5,black,dark,0.0,0.0,0.0,custom_json,3,0,BloomColor;PointDesc.EndColor;PointDesc.StartColor
PointPreset_MapMorrighanBat0_1.json,PointPreset_MapMorrighanBat0_1,point,other,0,Pow,1,Exp,Pow + Exp,6.0,1.7999999523162842,2.5,black,dark,0.0,0.0,0.0,custom_json,3,0,BloomColor;PointDesc.EndColor;PointDesc.StartColor
PointPreset_MapMorrighanBatForward0_0.json,PointPreset_MapMorrighanBatForward0_0,point,other,0,Pow,1,Exp,Pow + Exp,6.0,1.7999999523162842,2.5,black,dark,0.0,0.0,0.0,custom_json,3,0,BloomColor;PointDesc.EndColor;PointDesc.StartColor
PointPreset_MapNightStar0_0.json,PointPreset_MapNightStar0_0,point,holy_light,0,Pow,0,None,Pow + None,20.0,1.2000000476837158,20.5,gray,mid,0.31372549136479694,0.31372549136479694,0.31372549136479694,custom_json,3,0,BloomColor;PointDesc.EndColor;PointDesc.StartColor
PointPreset_MapSnow0_0.json,PointPreset_MapSnow0_0,point,ice,0,Pow,0,None,Pow + None,6.0,1.7999999523162842,2.5,black,dark,0.0,0.0,0.0,custom_json,1,2,BloomColor
PointPreset_MonsterDeth_0.json,PointPreset_MonsterDeth_0,point,smoke_dust,1,LinExp,0,None,LinExp + None,6.0,1.7999999523162842,0.0,black,dark,0.03921568766236305,0.03921568766236305,0.03921568766236305,custom_json,2,0,PointDesc.EndColor;PointDesc.StartColor
PointPreset_MonsterDeth_1.json,PointPreset_MonsterDeth_1,point,smoke_dust,0,Pow,1,Exp,Pow + Exp,6.0,1.7999999523162842,3.4000000953674316,black,dark,0.0784313753247261,0.0784313753247261,0.0784313753247261,custom_json,2,0,PointDesc.EndColor;PointDesc.StartColor
PointPreset_MonsterDeth_2.json,PointPreset_MonsterDeth_2,point,smoke_dust,0,Pow,0,None,Pow + None,7.5,0.10000000149011612,5.199999809265137,black,dark,0.03921568766236305,0.03921568766236305,0.03921568766236305,custom_json,2,0,PointDesc.EndColor;PointDesc.StartColor
PointPreset_MonsterDeth_3.json,PointPreset_MonsterDeth_3,point,smoke_dust,0,Pow,0,None,Pow + None,7.5,0.10000000149011612,5.199999809265137,black,dark,0.0784313753247261,0.0784313753247261,0.0784313753247261,custom_json,2,0,PointDesc.EndColor;PointDesc.StartColor
PointPreset_MonsterKnockDown0_0.json,PointPreset_MonsterKnockDown0_0,point,smoke_dust,0,Pow,1,Exp,Pow + Exp,6.0,1.7999999523162842,2.5,gray,mid,0.2718954384326935,0.2718954384326935,0.2718954384326935,custom_json,3,0,BloomColor;PointDesc.EndColor;PointDesc.StartColor
PointPreset_MonsterSpawn_0.json,PointPreset_MonsterSpawn_0,point,fire,0,Pow,0,None,Pow + None,7.5,0.10000000149011612,5.199999809265137,black,dark,0.0,0.0,0.0,custom_json,2,0,PointDesc.EndColor;PointDesc.StartColor
PointPreset_MonsterSpawn_1.json,PointPreset_MonsterSpawn_1,point,other,0,Pow,0,None,Pow + None,7.5,0.10000000149011612,5.199999809265137,red,dark,0.19607843458652496,0.03921568766236305,0.03921568766236305,custom_json,2,0,PointDesc.EndColor;PointDesc.StartColor
PointPreset_MonsterSpawn_2.json,PointPreset_MonsterSpawn_2,point,fire,0,Pow,0,None,Pow + None,7.5,0.10000000149011612,5.199999809265137,black,dark,0.03921568766236305,0.03921568766236305,0.03921568766236305,custom_json,2,0,PointDesc.EndColor;PointDesc.StartColor
PointPreset_MonsterSpawn_3.json,PointPreset_MonsterSpawn_3,point,fire,0,Pow,0,None,Pow + None,7.5,0.10000000149011612,5.199999809265137,black,dark,0.0,0.0,0.0,custom_json,2,0,PointDesc.EndColor;PointDesc.StartColor
PointPreset_MonsterSpawn_4.json,PointPreset_MonsterSpawn_4,point,smoke_dust,1,LinExp,0,None,LinExp + None,6.0,1.7999999523162842,0.0,black,dark,0.03921568766236305,0.03921568766236305,0.03921568766236305,custom_json,2,0,PointDesc.EndColor;PointDesc.StartColor
PointPreset_MorrighanAbsorbWave1_0.json,PointPreset_MorrighanAbsorbWave1_0,point,water,0,Pow,1,Exp,Pow + Exp,6.0,1.7999999523162842,2.5,black,dark,0.0,0.0,0.0,custom_json,3,0,BloomColor;PointDesc.EndColor;PointDesc.StartColor
PointPreset_MorrighanAbsorbWave1_2.json,PointPreset_MorrighanAbsorbWave1_2,point,water,0,Pow,1,Exp,Pow + Exp,23.399999618530273,1.7999999523162842,2.5,black,dark,0.0,0.0,0.0,custom_json,3,0,BloomColor;PointDesc.EndColor;PointDesc.StartColor
PointPreset_MorrighanAbsorbWave1_3.json,PointPreset_MorrighanAbsorbWave1_3,point,water,0,Pow,1,Exp,Pow + Exp,6.0,1.7999999523162842,2.5,black,dark,0.052287583549817405,0.052287583549817405,0.052287583549817405,custom_json,3,0,BloomColor;PointDesc.EndColor;PointDesc.StartColor
PointPreset_MorrighanBaseAttack0_0.json,PointPreset_MorrighanBaseAttack0_0,point,holy_light,0,Pow,0,None,Pow + None,6.0,1.7999999523162842,2.5,red,dark,0.9934640526771545,0.026143791774908703,0.026143791774908703,custom_json,3,0,BloomColor;PointDesc.EndColor;PointDesc.StartColor
PointPreset_MorrighanBeam0_0.json,PointPreset_MorrighanBeam0_0,point,fire,0,Pow,1,Exp,Pow + Exp,6.0,1.7999999523162842,2.5,black,dark,0.0,0.0,0.0,custom_json,3,0,BloomColor;PointDesc.EndColor;PointDesc.StartColor
PointPreset_MorrighanBeam_0.json,PointPreset_MorrighanBeam_0,point,holy_light,0,Pow,1,Exp,Pow + Exp,14.399999618530273,0.8999999761581421,2.4000000953674316,red,dark,0.5,0.0,0.0,custom_json,2,1,PointDesc.EndColor;PointDesc.StartColor
PointPreset_MorrighanBoom0_0.json,PointPreset_MorrighanBoom0_0,point,water,0,Pow,1,Exp,Pow + Exp,6.0,1.7999999523162842,2.5,black,dark,0.0,0.0,0.0,custom_json,3,0,BloomColor;PointDesc.EndColor;PointDesc.StartColor
PointPreset_MorrighanBoom0_2.json,PointPreset_MorrighanBoom0_2,point,water,0,Pow,1,Exp,Pow + Exp,23.399999618530273,1.7999999523162842,2.5,black,dark,0.0,0.0,0.0,custom_json,3,0,BloomColor;PointDesc.EndColor;PointDesc.StartColor
PointPreset_MorrighanBoom0_3.json,PointPreset_MorrighanBoom0_3,point,water,0,Pow,1,Exp,Pow + Exp,6.0,1.7999999523162842,2.5,black,dark,0.052287583549817405,0.052287583549817405,0.052287583549817405,custom_json,3,0,BloomColor;PointDesc.EndColor;PointDesc.StartColor
PointPreset_MorrighanGlow0_0.json,PointPreset_MorrighanGlow0_0,point,holy_light,0,Pow,0,None,Pow + None,6.0,1.7999999523162842,2.5,red,dark,0.6679738759994507,0.0,0.0,custom_json,3,0,BloomColor;PointDesc.EndColor;PointDesc.StartColor
PointPreset_MorrighanHolyareaGlow0_0.json,PointPreset_MorrighanHolyareaGlow0_0,point,holy_light,0,Pow,0,None,Pow + None,6.0,1.7999999523162842,2.5,red,dark,0.3333333333333333,0.0,0.0,custom_json,3,0,BloomColor;PointDesc.EndColor;PointDesc.StartColor
PointPreset_MorrighanJudgement1_0.json,PointPreset_MorrighanJudgement1_0,point,holy_light,0,Pow,0,None,Pow + None,6.0,1.2999999523162842,2.5,black,dark,0.0,0.0,0.0,custom_json,3,0,BloomColor;PointDesc.EndColor;PointDesc.StartColor
PointPreset_MorrighanYoiKiTenkai0_0.json,PointPreset_MorrighanYoiKiTenkai0_0,point,holy_light,0,Pow,1,Exp,Pow + Exp,9.300000190734863,1.5,2.5,red,dark,0.6666666666666666,0.0,0.0,custom_json,3,0,BloomColor;PointDesc.EndColor;PointDesc.StartColor
PointPreset_NaoCutSceneFlare0_0.json,PointPreset_NaoCutSceneFlare0_0,point,holy_light,0,Pow,1,Exp,Pow + Exp,6.0,1.7999999523162842,2.5,black,dark,0.0,0.0,0.0,custom_json,1,2,BloomColor
PointPreset_NaoCutSceneFlare0_1.json,PointPreset_NaoCutSceneFlare0_1,point,holy_light,0,Pow,1,Exp,Pow + Exp,6.0,1.399999976158142,2.5,yellow,mid,0.6666666666666666,0.6379084984461466,0.5228758255640665,custom_json,3,0,BloomColor;PointDesc.EndColor;PointDesc.StartColor
PointPreset_PlayerBandage0_0.json,PointPreset_PlayerBandage0_0,point,holy_light,0,Pow,1,Exp,Pow + Exp,6.0,1.7999999523162842,2.5,black,dark,0.0,0.0,0.0,custom_json,1,2,BloomColor
PointPreset_PlayerBardAuraBase0_0.json,PointPreset_PlayerBardAuraBase0_0,point,music,0,Pow,1,Exp,Pow + Exp,6.0,1.399999976158142,2.5,black,dark,0.0,0.0,0.0,custom_json,1,2,BloomColor
PointPreset_PlayerHeal0_0.json,PointPreset_PlayerHeal0_0,point,holy_light,0,Pow,1,Exp,Pow + Exp,13.199999809265137,1.7999999523162842,2.5,black,dark,0.0,0.0,0.0,custom_json,1,2,BloomColor
PointPreset_PlayerLevelUp0_0.json,PointPreset_PlayerLevelUp0_0,point,holy_light,0,Pow,1,Exp,Pow + Exp,6.0,1.7999999523162842,2.5,yellow,mid,0.6666666666666666,0.6274509827295939,0.31372549136479694,custom_json,3,0,BloomColor;PointDesc.EndColor;PointDesc.StartColor
PointPreset_PlayerLevelUp0_1.json,PointPreset_PlayerLevelUp0_1,point,holy_light,0,Pow,1,Exp,Pow + Exp,6.0,1.7999999523162842,2.5,yellow,mid,0.6666666666666666,0.6274509827295939,0.31372549136479694,custom_json,3,0,BloomColor;PointDesc.EndColor;PointDesc.StartColor
PointPreset_PlayerLevelUp0_2.json,PointPreset_PlayerLevelUp0_2,point,holy_light,0,Pow,1,Exp,Pow + Exp,6.0,1.7999999523162842,2.5,yellow,mid,0.6666666666666666,0.6274509827295939,0.31372549136479694,custom_json,3,0,BloomColor;PointDesc.EndColor;PointDesc.StartColor
PointPreset_PlayerLevelUp0_3.json,PointPreset_PlayerLevelUp0_3,point,holy_light,0,Pow,1,Exp,Pow + Exp,6.0,1.7999999523162842,2.5,yellow,mid,0.6666666666666666,0.6274509827295939,0.31372549136479694,custom_json,3,0,BloomColor;PointDesc.EndColor;PointDesc.StartColor
PointPreset_PlayerPhoenixRessurection0_0.json,PointPreset_PlayerPhoenixRessurection0_0,point,holy_light,0,Pow,1,Exp,Pow + Exp,6.0,0.10000000149011612,2.5,orange,mid,0.6666666666666666,0.6248366038004557,0.5071895519892374,custom_json,3,0,BloomColor;PointDesc.EndColor;PointDesc.StartColor
PointPreset_PlayerWarp0_0.json,PointPreset_PlayerWarp0_0,point,holy_light,0,Pow,1,Exp,Pow + Exp,6.0,1.7999999523162842,2.5,cyan,mid,0.4052287737528483,0.6405228773752848,0.6666666666666666,custom_json,3,0,BloomColor;PointDesc.EndColor;PointDesc.StartColor
PointPreset_PlayerWarp0_1.json,PointPreset_PlayerWarp0_1,point,holy_light,0,Pow,1,Exp,Pow + Exp,6.0,1.7999999523162842,2.5,cyan,mid,0.4052287737528483,0.6405228773752848,0.6666666666666666,custom_json,3,0,BloomColor;PointDesc.EndColor;PointDesc.StartColor
PointPreset_PlayerWarp0_2.json,PointPreset_PlayerWarp0_2,point,holy_light,0,Pow,1,Exp,Pow + Exp,6.0,1.7999999523162842,2.5,cyan,mid,0.4052287737528483,0.6405228773752848,0.6666666666666666,custom_json,3,0,BloomColor;PointDesc.EndColor;PointDesc.StartColor
PointPreset_RealMorrighanYoikiTenkai0_0.json,PointPreset_RealMorrighanYoikiTenkai0_0,point,holy_light,0,Pow,0,None,Pow + None,6.0,1.5,2.5,yellow,mid,0.6666666666666666,0.5830065409342448,0.20915033419926962,custom_json,3,0,BloomColor;PointDesc.EndColor;PointDesc.StartColor
PointPreset_RedFire_0.json,PointPreset_RedFire_0,point,fire,0,Pow,0,None,Pow + None,8.300000190734863,1.7999999523162842,2.5,orange,bright,1.0,0.6666666666666666,0.0,custom_json,3,0,BloomColor;PointDesc.EndColor;PointDesc.StartColor
PointPreset_RedFire_1.json,PointPreset_RedFire_1,point,fire,0,Pow,0,None,Pow + None,8.300000190734863,1.7999999523162842,2.5,orange,bright,1.0,0.7424836605787277,0.18300654490788779,custom_json,3,0,BloomColor;PointDesc.EndColor;PointDesc.StartColor
PointPreset_RedFire_2.json,PointPreset_RedFire_2,point,fire,0,Pow,0,None,Pow + None,8.300000190734863,1.7999999523162842,2.5,orange,mid,1.0,0.46274511019388836,0.23921569188435873,custom_json,3,0,BloomColor;PointDesc.EndColor;PointDesc.StartColor
PointPreset_TeamTexture0_0.json,PointPreset_TeamTexture0_0,point,other,0,Pow,1,Exp,Pow + Exp,6.0,1.7999999523162842,2.5,black,dark,0.0,0.0,0.0,custom_json,1,2,BloomColor
PointPreset_TeamTexture0_1.json,PointPreset_TeamTexture0_1,point,other,0,Pow,1,Exp,Pow + Exp,6.0,1.7999999523162842,2.5,black,dark,0.0,0.0,0.0,custom_json,1,2,BloomColor
PointPreset_UIFXBreakGlass0_0.json,PointPreset_UIFXBreakGlass0_0,point,other,1,LinExp,0,None,LinExp + None,6.0,0.10000000149011612,2.5,black,dark,0.0,0.0,0.0,custom_json,1,2,BloomColor
PointPreset_UIFXBreakGlass0_1.json,PointPreset_UIFXBreakGlass0_1,point,other,1,LinExp,0,None,LinExp + None,6.0,0.10000000149011612,2.5,black,dark,0.0,0.0,0.0,custom_json,1,2,BloomColor
PointPreset_UIFXBreakGlass0_2.json,PointPreset_UIFXBreakGlass0_2,point,other,1,LinExp,0,None,LinExp + None,6.0,0.10000000149011612,2.5,black,dark,0.0,0.0,0.0,custom_json,1,2,BloomColor
PointPreset_UIFXBreakGlass0_3.json,PointPreset_UIFXBreakGlass0_3,point,other,1,LinExp,0,None,LinExp + None,6.0,0.10000000149011612,2.5,black,dark,0.0,0.0,0.0,custom_json,1,2,BloomColor
PointPreset_UIFXBreakGlass0_4.json,PointPreset_UIFXBreakGlass0_4,point,other,1,LinExp,0,None,LinExp + None,6.0,0.10000000149011612,2.5,black,dark,0.0,0.0,0.0,custom_json,1,2,BloomColor
PointPreset_UIFXBreakGlass0_5.json,PointPreset_UIFXBreakGlass0_5,point,other,1,LinExp,0,None,LinExp + None,6.0,0.10000000149011612,2.5,black,dark,0.0,0.0,0.0,custom_json,1,2,BloomColor
PointPreset_UIFXBreakGlass0_6.json,PointPreset_UIFXBreakGlass0_6,point,other,1,LinExp,0,None,LinExp + None,6.0,0.10000000149011612,2.5,black,dark,0.0,0.0,0.0,custom_json,1,2,BloomColor
PointPreset_UIFXBreakGlass0_7.json,PointPreset_UIFXBreakGlass0_7,point,other,1,LinExp,0,None,LinExp + None,6.0,0.10000000149011612,2.5,black,dark,0.0,0.0,0.0,custom_json,1,2,BloomColor
PointPreset_UIFXBreakGlass0_8.json,PointPreset_UIFXBreakGlass0_8,point,other,1,LinExp,0,None,LinExp + None,6.0,0.10000000149011612,2.5,black,dark,0.0,0.0,0.0,custom_json,1,2,BloomColor
PointPreset_UIFXBreakScreanEffect0_2.json,PointPreset_UIFXBreakScreanEffect0_2,point,magic_circle,0,Pow,0,None,Pow + None,6.0,1.7999999523162842,2.5,black,dark,0.0,0.0,0.0,custom_json,1,2,BloomColor
PointPreset_UIFXGlasGavelenCutScene0_0.json,PointPreset_UIFXGlasGavelenCutScene0_0,point,magic_circle,0,Pow,0,None,Pow + None,6.0,1.7999999523162842,2.5,black,dark,0.0,0.0,0.0,custom_json,1,2,BloomColor
PointPreset_UIFXItemAuraBase0_0.json,PointPreset_UIFXItemAuraBase0_0,point,other,0,Pow,1,Exp,Pow + Exp,5.0,0.10000000149011612,2.5,black,dark,0.0,0.0,0.0,custom_json,1,2,BloomColor
PointPreset_UIFXItemAuraBeginer0_0.json,PointPreset_UIFXItemAuraBeginer0_0,point,other,0,Pow,1,Exp,Pow + Exp,5.0,0.10000000149011612,2.5,green,mid,0.0,0.4235294262568156,0.19346406062444052,custom_json,3,0,BloomColor;PointDesc.EndColor;PointDesc.StartColor
PointPreset_UIFXItemAuraEpic0_0.json,PointPreset_UIFXItemAuraEpic0_0,point,other,0,Pow,1,Exp,Pow + Exp,5.0,0.10000000149011612,2.5,magenta,dark,0.6039215723673502,0.05751634140809377,0.4261438051859538,custom_json,3,0,BloomColor;PointDesc.EndColor;PointDesc.StartColor
PointPreset_UIFXItemAuraExpert0_0.json,PointPreset_UIFXItemAuraExpert0_0,point,other,0,Pow,1,Exp,Pow + Exp,5.0,0.10000000149011612,2.5,blue,mid,0.08366013566652934,0.31372549136479694,0.6405228773752848,custom_json,3,0,BloomColor;PointDesc.EndColor;PointDesc.StartColor
PointPreset_UIFXItemAuraLegond0_0.json,PointPreset_UIFXItemAuraLegond0_0,point,other,0,Pow,1,Exp,Pow + Exp,5.0,0.10000000149011612,2.5,orange,mid,0.6248366038004557,0.2535947759946187,0.06274509926637013,custom_json,3,0,BloomColor;PointDesc.EndColor;PointDesc.StartColor
PointPreset_UIFXMouseClickEffect0_0.json,PointPreset_UIFXMouseClickEffect0_0,point,magic_circle,0,Pow,1,Exp,Pow + Exp,5.0,0.10000000149011612,2.5,black,dark,0.0,0.0,0.0,custom_json,1,2,BloomColor
PointPreset_UIFXMouseClickEffect0_1.json,PointPreset_UIFXMouseClickEffect0_1,point,holy_light,0,Pow,1,Exp,Pow + Exp,3.200000047683716,0.10000000149011612,2.5,black,dark,0.0,0.0,0.0,custom_json,1,2,BloomColor
PointPreset_UIFXMouseClickEffect1_0.json,PointPreset_UIFXMouseClickEffect1_0,point,holy_light,0,Pow,1,Exp,Pow + Exp,30.0,0.10000000149011612,2.5,black,dark,0.0,0.0,0.0,custom_json,1,2,BloomColor
PointPreset_UIFXMouseClickEffect2_0.json,PointPreset_UIFXMouseClickEffect2_0,point,holy_light,0,Pow,1,Exp,Pow + Exp,30.0,0.10000000149011612,2.5,black,dark,0.0,0.0,0.0,custom_json,1,2,BloomColor
PointPreset_UIFXSkillBurn0_0.json,PointPreset_UIFXSkillBurn0_0,point,fire,0,Pow,0,None,Pow + None,6.0,1.7999999523162842,2.5,black,dark,0.0,0.0,0.0,custom_json,1,2,BloomColor
PointPreset_UIFXSkillBurn0_1.json,PointPreset_UIFXSkillBurn0_1,point,fire,0,Pow,0,None,Pow + None,6.0,1.7999999523162842,2.5,black,dark,0.0,0.0,0.0,custom_json,1,2,BloomColor
PointPreset_UIFXSkillBurnEnd0_0.json,PointPreset_UIFXSkillBurnEnd0_0,point,fire,0,Pow,0,None,Pow + None,6.0,1.7999999523162842,2.5,black,dark,0.0,0.0,0.0,custom_json,1,2,BloomColor
PointPreset_UIFXSkillLightning0_0.json,PointPreset_UIFXSkillLightning0_0,point,lightning,0,Pow,0,None,Pow + None,6.0,1.399999976158142,2.5,black,dark,0.0,0.0,0.0,custom_json,1,2,BloomColor
PointPreset_UIFXStart0_0.json,PointPreset_UIFXStart0_0,point,other,0,Pow,0,None,Pow + None,6.0,1.7999999523162842,2.5,black,dark,0.0,0.0,0.0,custom_json,1,2,BloomColor
PointPreset_UIFXTest0_0.json,PointPreset_UIFXTest0_0,point,other,0,Pow,1,Exp,Pow + Exp,6.0,1.7999999523162842,2.5,black,dark,0.0,0.0,0.0,custom_json,1,2,BloomColor
PointPreset_vhrwnr0_0.json,PointPreset_vhrwnr0_0,point,holy_light,0,Pow,1,Exp,Pow + Exp,6.0,1.399999976158142,2.5,black,dark,0.0,0.0,0.0,custom_json,1,2,BloomColor
PointPreset_vhrwnr0_1.json,PointPreset_vhrwnr0_1,point,holy_light,0,Pow,1,Exp,Pow + Exp,6.0,1.399999976158142,2.5,black,dark,0.0,0.0,0.0,custom_json,1,2,BloomColor
PointPreset_vhrwnr0_2.json,PointPreset_vhrwnr0_2,point,holy_light,0,Pow,1,Exp,Pow + Exp,6.0,1.399999976158142,2.5,black,dark,0.0,0.0,0.0,custom_json,1,2,BloomColor
QuadPreset_BattleSymphony1_0.json,QuadPreset_BattleSymphony1_0,quad,holy_light,0,Pow,1,Exp,Pow + Exp,6.0,1.7999999523162842,2.5,black,dark,0.0,0.0,0.0,custom_json,1,2,BloomColor
QuadPreset_butterfly0_0.json,QuadPreset_butterfly0_0,quad,other,0,Pow,1,Exp,Pow + Exp,6.0,0.699999988079071,2.5,texture_or_default,unknown,,,,engine_default_or_texture,0,3,
QuadPreset_butterfly1_0.json,QuadPreset_butterfly1_0,quad,other,0,Pow,1,Exp,Pow + Exp,6.0,0.699999988079071,2.5,yellow,bright,1.0,0.7843137383460999,0.0,custom_json,2,1,QuadDesc.ColorMax;QuadDesc.ColorMin
QuadPreset_butterfly2_0.json,QuadPreset_butterfly2_0,quad,other,0,Pow,1,Exp,Pow + Exp,6.0,0.699999988079071,2.5,red,dark,0.7058823704719543,0.11764705926179886,0.11764705926179886,custom_json,2,1,QuadDesc.ColorMax;QuadDesc.ColorMin
QuadPreset_ChickenFeathers0_0.json,QuadPreset_ChickenFeathers0_0,quad,other,0,Pow,0,None,Pow + None,6.0,1.7999999523162842,2.5,texture_or_default,unknown,,,,engine_default_or_texture,0,3,
QuadPreset_GhostPriestBaseAttack0_0.json,QuadPreset_GhostPriestBaseAttack0_0,quad,dark,0,Pow,1,Exp,Pow + Exp,6.0,1.7999999523162842,2.5,green,mid,0.0,0.6666666666666666,0.0,custom_json,3,0,BloomColor;QuadDesc.ColorMax;QuadDesc.ColorMin
QuadPreset_GhostPriestTearingScream0_0.json,QuadPreset_GhostPriestTearingScream0_0,quad,lightning,0,Pow,1,Exp,Pow + Exp,6.0,1.7999999523162842,2.5,red,dark,0.6666666666666666,0.0,0.0,custom_json,3,0,BloomColor;QuadDesc.ColorMax;QuadDesc.ColorMin
QuadPreset_GhostPriestTearingScreamExplosion0_0.json,QuadPreset_GhostPriestTearingScreamExplosion0_0,quad,lightning,0,Pow,1,Exp,Pow + Exp,6.0,1.7999999523162842,2.5,red,dark,0.6666666666666666,0.0,0.0,custom_json,3,0,BloomColor;QuadDesc.ColorMax;QuadDesc.ColorMin
QuadPreset_GlasGavelenDefaultAttack0_0.json,QuadPreset_GlasGavelenDefaultAttack0_0,quad,boss,0,Pow,1,Exp,Pow + Exp,6.0,0.10000000149011612,2.5,gray,dark,0.20915033419926962,0.20915033419926962,0.22483660777409872,custom_json,3,0,BloomColor;QuadDesc.ColorMax;QuadDesc.ColorMin
QuadPreset_GlasGavelenDefaultAttack1_0.json,QuadPreset_GlasGavelenDefaultAttack1_0,quad,boss,0,Pow,1,Exp,Pow + Exp,6.0,1.7999999523162842,2.5,gray,dark,0.20915033419926962,0.20915033419926962,0.22483660777409872,custom_json,3,0,BloomColor;QuadDesc.ColorMax;QuadDesc.ColorMin
QuadPreset_GlasGavelenDefaultAttack2_0.json,QuadPreset_GlasGavelenDefaultAttack2_0,quad,boss,0,Pow,1,Exp,Pow + Exp,6.0,0.10000000149011612,2.5,gray,dark,0.20915033419926962,0.20915033419926962,0.22483660777409872,custom_json,3,0,BloomColor;QuadDesc.ColorMax;QuadDesc.ColorMin
QuadPreset_GlasGavelenFlameBreath0_0.json,QuadPreset_GlasGavelenFlameBreath0_0,quad,fire,0,Pow,1,Exp,Pow + Exp,6.0,1.7999999523162842,2.5,orange,mid,0.6666666666666666,0.3333333333333333,0.0,custom_json,3,0,BloomColor;QuadDesc.ColorMax;QuadDesc.ColorMin
QuadPreset_GlasGavelenStomp0_0.json,QuadPreset_GlasGavelenStomp0_0,quad,boss,0,Pow,1,Exp,Pow + Exp,6.0,1.7999999523162842,2.5,gray,dark,0.20915033419926962,0.20915033419926962,0.22483660777409872,custom_json,3,0,BloomColor;QuadDesc.ColorMax;QuadDesc.ColorMin
QuadPreset_GlasGavelenStomp0_1.json,QuadPreset_GlasGavelenStomp0_1,quad,boss,0,Pow,1,Exp,Pow + Exp,6.599999904632568,5.699999809265137,2.5,gray,dark,0.20915033419926962,0.20915033419926962,0.22483660777409872,custom_json,3,0,BloomColor;QuadDesc.ColorMax;QuadDesc.ColorMin
QuadPreset_IceAge0_0.json,QuadPreset_IceAge0_0,quad,ice,0,Pow,1,Exp,Pow + Exp,6.0,1.5,2.5,cyan,mid,0.33986930052439374,0.6666666666666666,0.6666666666666666,custom_json,3,0,BloomColor;QuadDesc.ColorMax;QuadDesc.ColorMin
QuadPreset_IceAge0_1.json,QuadPreset_IceAge0_1,quad,ice,0,Pow,0,None,Pow + None,6.0,1.7999999523162842,2.5,blue,mid,0.4705882469813029,0.5751634041468302,0.6666666666666666,custom_json,3,0,BloomColor;QuadDesc.ColorMax;QuadDesc.ColorMin
QuadPreset_IceAge0_2.json,QuadPreset_IceAge0_2,quad,ice,0,Pow,0,None,Pow + None,6.0,1.7999999523162842,2.5,blue,mid,0.5359477202097574,0.6209150354067484,0.6666666666666666,custom_json,3,0,BloomColor;QuadDesc.ColorMax;QuadDesc.ColorMin
QuadPreset_IceAge0_3.json,QuadPreset_IceAge0_3,quad,ice,0,Pow,0,None,Pow + None,6.0,1.7999999523162842,2.5,gray,mid,0.49803921580314636,0.5,0.5,custom_json,2,1,BloomColor;QuadDesc.ColorMin
QuadPreset_LightnigArea0_0.json,QuadPreset_LightnigArea0_0,quad,lightning,0,Pow,1,Exp,Pow + Exp,6.0,1.7999999523162842,2.5,red,dark,0.6666666666666666,0.0,0.0,custom_json,3,0,BloomColor;QuadDesc.ColorMax;QuadDesc.ColorMin
QuadPreset_LightningTest0_0.json,QuadPreset_LightningTest0_0,quad,lightning,0,Pow,1,Exp,Pow + Exp,6.0,1.7999999523162842,2.5,red,dark,0.6666666666666666,0.0,0.0,custom_json,3,0,BloomColor;QuadDesc.ColorMax;QuadDesc.ColorMin
QuadPreset_LightningTest0_1.json,QuadPreset_LightningTest0_1,quad,lightning,0,Pow,1,Exp,Pow + Exp,6.0,1.7999999523162842,2.5,red,dark,0.6666666666666666,0.0,0.0,custom_json,3,0,BloomColor;QuadDesc.ColorMax;QuadDesc.ColorMin
QuadPreset_LightningTest0_2.json,QuadPreset_LightningTest0_2,quad,lightning,0,Pow,1,Exp,Pow + Exp,6.0,1.7999999523162842,2.5,red,dark,0.6666666666666666,0.0,0.0,custom_json,3,0,BloomColor;QuadDesc.ColorMax;QuadDesc.ColorMin
QuadPreset_LightningTest0_3.json,QuadPreset_LightningTest0_3,quad,lightning,0,Pow,1,Exp,Pow + Exp,6.0,1.7999999523162842,2.5,red,dark,1.0,0.0,0.0,custom_json,2,1,QuadDesc.ColorMax;QuadDesc.ColorMin
QuadPreset_LightningTest0_4.json,QuadPreset_LightningTest0_4,quad,lightning,0,Pow,1,Exp,Pow + Exp,6.0,1.7999999523162842,2.5,red,dark,0.6666666666666666,0.0,0.0,custom_json,3,0,BloomColor;QuadDesc.ColorMax;QuadDesc.ColorMin
QuadPreset_LightningTest0_5.json,QuadPreset_LightningTest0_5,quad,lightning,0,Pow,1,Exp,Pow + Exp,6.0,1.7999999523162842,2.5,red,dark,0.6666666666666666,0.0,0.0,custom_json,3,0,BloomColor;QuadDesc.ColorMax;QuadDesc.ColorMin
QuadPreset_MapCrowLeftVelocity0_0.json,QuadPreset_MapCrowLeftVelocity0_0,quad,other,0,Pow,0,None,Pow + None,6.0,1.7999999523162842,2.5,black,dark,0.0,0.0,0.0,custom_json,1,2,BloomColor
QuadPreset_MapCrowRightVelocity0_0.json,QuadPreset_MapCrowRightVelocity0_0,quad,other,0,Pow,0,None,Pow + None,6.0,1.7999999523162842,2.5,black,dark,0.0,0.0,0.0,custom_json,1,2,BloomColor
QuadPreset_MapGrayMazeDoor0_0.json,QuadPreset_MapGrayMazeDoor0_0,quad,smoke_dust,0,Pow,1,Exp,Pow + Exp,6.0,1.7999999523162842,2.5,gray,dark,0.15686274568239847,0.1516339878241221,0.14379085103670755,custom_json,3,0,BloomColor;QuadDesc.ColorMax;QuadDesc.ColorMin
QuadPreset_MapGrayMazeDoor0_1.json,QuadPreset_MapGrayMazeDoor0_1,quad,other,0,Pow,0,None,Pow + None,6.0,1.7999999523162842,2.5,texture_or_default,unknown,,,,engine_default_or_texture,0,3,
QuadPreset_MapLeafFall0_0.json,QuadPreset_MapLeafFall0_0,quad,other,0,Pow,1,Exp,Pow + Exp,6.0,1.7999999523162842,2.5,black,dark,0.0,0.0,0.0,custom_json,1,2,BloomColor
QuadPreset_MapMathDoor0_0.json,QuadPreset_MapMathDoor0_0,quad,other,0,Pow,0,None,Pow + None,6.0,0.10000000149011612,2.5,texture_or_default,unknown,,,,engine_default_or_texture,0,3,
QuadPreset_MorrighanAbsorbWave0_0.json,QuadPreset_MorrighanAbsorbWave0_0,quad,lightning,0,Pow,0,None,Pow + None,19.399999618530273,1.7999999523162842,2.5,red,dark,0.41830066839853924,0.0,0.0,custom_json,3,0,BloomColor;QuadDesc.ColorMax;QuadDesc.ColorMin
QuadPreset_MorrighanBeam0_0.json,QuadPreset_MorrighanBeam0_0,quad,lightning,0,Pow,0,None,Pow + None,6.0,1.7999999523162842,2.5,red,dark,0.41830066839853924,0.0,0.0,custom_json,3,0,BloomColor;QuadDesc.ColorMax;QuadDesc.ColorMin
QuadPreset_MorrighanBeam0_1.json,QuadPreset_MorrighanBeam0_1,quad,lightning,0,Pow,0,None,Pow + None,6.0,1.7999999523162842,2.5,red,dark,0.41830066839853924,0.0,0.0,custom_json,3,0,BloomColor;QuadDesc.ColorMax;QuadDesc.ColorMin
QuadPreset_MorrighanBeam0_2.json,QuadPreset_MorrighanBeam0_2,quad,other,0,Pow,0,None,Pow + None,6.0,1.7999999523162842,2.5,red,dark,0.41830066839853924,0.0,0.0,custom_json,3,0,BloomColor;QuadDesc.ColorMax;QuadDesc.ColorMin
QuadPreset_MorrighanJudgement1_0.json,QuadPreset_MorrighanJudgement1_0,quad,lightning,0,Pow,0,None,Pow + None,12.199999809265137,1.7999999523162842,2.5,red,dark,0.6666666666666666,0.0,0.0,custom_json,3,0,BloomColor;QuadDesc.ColorMax;QuadDesc.ColorMin
QuadPreset_MorrighanJudgement1_1.json,QuadPreset_MorrighanJudgement1_1,quad,lightning,0,Pow,0,None,Pow + None,6.0,1.7999999523162842,2.5,red,dark,0.6274510025978088,0.0,0.0,custom_json,2,1,QuadDesc.ColorMax;QuadDesc.ColorMin
QuadPreset_MorrighanWeapon0_0.json,QuadPreset_MorrighanWeapon0_0,quad,lightning,0,Pow,0,None,Pow + None,30.0,0.10000000149011612,2.5,red,dark,0.6666666666666666,0.0,0.0,custom_json,3,0,BloomColor;QuadDesc.ColorMax;QuadDesc.ColorMin
QuadPreset_MorrighanWeaponEnd0_0.json,QuadPreset_MorrighanWeaponEnd0_0,quad,lightning,0,Pow,0,None,Pow + None,30.0,0.10000000149011612,2.5,red,dark,0.6666666666666666,0.0,0.0,custom_json,3,0,BloomColor;QuadDesc.ColorMax;QuadDesc.ColorMin
QuadPreset_NaoCutSceneFlare0_0.json,QuadPreset_NaoCutSceneFlare0_0,quad,holy_light,0,Pow,1,Exp,Pow + Exp,6.0,1.7999999523162842,2.5,orange,mid,0.6666666666666666,0.6274509827295939,0.5228758255640665,custom_json,3,0,BloomColor;QuadDesc.ColorMax;QuadDesc.ColorMin
QuadPreset_PlayerBleeding0_0.json,QuadPreset_PlayerBleeding0_0,quad,holy_light,0,Pow,1,Exp,Pow + Exp,6.0,1.7999999523162842,2.5,red,dark,0.6666666666666666,0.0,0.0,custom_json,3,0,BloomColor;QuadDesc.ColorMax;QuadDesc.ColorMin
QuadPreset_PlayerDoomBrand0_0.json,QuadPreset_PlayerDoomBrand0_0,quad,explosion,0,Pow,1,Exp,Pow + Exp,6.0,1.7999999523162842,2.5,black,dark,0.0,0.0,0.0,custom_json,1,2,BloomColor
QuadPreset_PlayerDoomBrand0_1.json,QuadPreset_PlayerDoomBrand0_1,quad,holy_light,0,Pow,1,Exp,Pow + Exp,6.0,1.7999999523162842,2.5,red,dark,0.6666666666666666,0.0,0.0,custom_json,3,0,BloomColor;QuadDesc.ColorMax;QuadDesc.ColorMin
QuadPreset_PlayerDoomBrand0_2.json,QuadPreset_PlayerDoomBrand0_2,quad,holy_light,0,Pow,1,Exp,Pow + Exp,6.0,1.7999999523162842,2.5,red,dark,0.6666666666666666,0.0,0.0,custom_json,3,0,BloomColor;QuadDesc.ColorMax;QuadDesc.ColorMin
QuadPreset_PlayerDoomBrand0_3.json,QuadPreset_PlayerDoomBrand0_3,quad,holy_light,0,Pow,1,Exp,Pow + Exp,6.0,1.7999999523162842,2.5,red,dark,0.6666666666666666,0.0,0.0,custom_json,3,0,BloomColor;QuadDesc.ColorMax;QuadDesc.ColorMin
QuadPreset_PlayerLevelUp0_1.json,QuadPreset_PlayerLevelUp0_1,quad,holy_light,0,Pow,1,Exp,Pow + Exp,6.0,1.7999999523162842,2.5,yellow,mid,0.6666666666666666,0.6274509827295939,0.31372549136479694,custom_json,3,0,BloomColor;QuadDesc.ColorMax;QuadDesc.ColorMin
QuadPreset_PlayerPhoenixRessurection0_0.json,QuadPreset_PlayerPhoenixRessurection0_0,quad,other,0,Pow,0,None,Pow + None,6.0,1.0,2.5,yellow,mid,0.6666666666666666,0.6248366038004557,0.48104576269785565,custom_json,3,0,BloomColor;QuadDesc.ColorMax;QuadDesc.ColorMin
QuadPreset_PlayerPhoenixRessurection0_1.json,QuadPreset_PlayerPhoenixRessurection0_1,quad,holy_light,0,Pow,1,Exp,Pow + Exp,6.0,1.7999999523162842,2.5,yellow,mid,0.6666666666666666,0.6274509827295939,0.31372549136479694,custom_json,3,0,BloomColor;QuadDesc.ColorMax;QuadDesc.ColorMin
QuadPreset_PlayerWarp0_0.json,QuadPreset_PlayerWarp0_0,quad,holy_light,0,Pow,1,Exp,Pow + Exp,6.0,1.7999999523162842,2.5,cyan,mid,0.4052287737528483,0.6405228773752848,0.6666666666666666,custom_json,3,0,BloomColor;QuadDesc.ColorMax;QuadDesc.ColorMin
QuadPreset_PlayerWarp0_1.json,QuadPreset_PlayerWarp0_1,quad,holy_light,0,Pow,1,Exp,Pow + Exp,6.0,1.7999999523162842,2.5,cyan,mid,0.4052287737528483,0.6405228773752848,0.6666666666666666,custom_json,3,0,BloomColor;QuadDesc.ColorMax;QuadDesc.ColorMin
QuadPreset_PuzzleQuestion0_0.json,QuadPreset_PuzzleQuestion0_0,quad,other,0,Pow,0,None,Pow + None,6.0,1.7999999523162842,2.5,black,dark,0.0,0.0,0.0,custom_json,1,2,BloomColor
QuadPreset_PuzzleTestEffect0_0.json,QuadPreset_PuzzleTestEffect0_0,quad,other,0,Pow,0,None,Pow + None,6.0,1.7999999523162842,2.5,black,dark,0.0,0.0,0.0,custom_json,1,2,BloomColor
QuadPreset_PuzzleTestEffect1_0.json,QuadPreset_PuzzleTestEffect1_0,quad,other,0,Pow,0,None,Pow + None,6.0,1.7999999523162842,2.5,black,dark,0.0,0.0,0.0,custom_json,1,2,BloomColor
QuadPreset_PuzzleTestEffect2_0.json,QuadPreset_PuzzleTestEffect2_0,quad,other,0,Pow,0,None,Pow + None,6.0,0.10000000149011612,2.5,texture_or_default,unknown,,,,engine_default_or_texture,0,3,
QuadPreset_PuzzleTestEffectCorrect0_0.json,QuadPreset_PuzzleTestEffectCorrect0_0,quad,other,0,Pow,0,None,Pow + None,6.0,1.7999999523162842,2.5,red,dark,1.0,0.0,0.0,custom_json,1,2,BloomColor
QuadPreset_PuzzleTestEffectCorrect0_1.json,QuadPreset_PuzzleTestEffectCorrect0_1,quad,other,0,Pow,0,None,Pow + None,6.0,1.7999999523162842,2.5,red,dark,1.0,0.0,0.0,custom_json,1,2,BloomColor
QuadPreset_PuzzleTestEffectCorrect1_0.json,QuadPreset_PuzzleTestEffectCorrect1_0,quad,other,0,Pow,0,None,Pow + None,6.0,1.7999999523162842,2.5,red,dark,1.0,0.0,0.0,custom_json,1,2,BloomColor
QuadPreset_PuzzleTestEffectCorrect1_1.json,QuadPreset_PuzzleTestEffectCorrect1_1,quad,other,0,Pow,0,None,Pow + None,6.0,1.7999999523162842,2.5,red,dark,1.0,0.0,0.0,custom_json,1,2,BloomColor
QuadPreset_PuzzleTestEffectCorrect2_0.json,QuadPreset_PuzzleTestEffectCorrect2_0,quad,other,0,Pow,0,None,Pow + None,6.0,1.7999999523162842,2.5,red,dark,1.0,0.0,0.0,custom_json,1,2,BloomColor
QuadPreset_PuzzleTestEffectCorrect2_1.json,QuadPreset_PuzzleTestEffectCorrect2_1,quad,other,0,Pow,0,None,Pow + None,6.0,1.7999999523162842,2.5,red,dark,1.0,0.0,0.0,custom_json,1,2,BloomColor
